Year,Rank,Id,Name,Position,Team,Completions,Attempts,Percentage,Yards,YPA,Touchdowns,Interceptions,YPG
2002,1,33,Rich Gannon,QB,OAK,418,618,67.6,4689,7.59,26,10,293
2002,2,393,Drew Bledsoe,QB,BUF,375,610,61.5,4359,7.15,24,15,272
2002,3,1428,Peyton Manning,QB,IND,392,591,66.3,4200,7.11,27,19,263
2002,4,734,Kerry Collins,QB,NYG,335,545,61.5,4073,7.47,19,14,255
2002,5,1762,Daunte Culpepper,QB,MIN,333,549,60.7,3853,7.02,18,23,241
2002,6,2330,Tom Brady,QB,NE,373,601,62.1,3764,6.26,28,14,235
2002,7,478,Trent Green,QB,KC,287,470,61.1,3690,7.85,26,13,231
2002,8,112,Brett Favre,QB,GB,341,551,61.9,3658,6.64,27,16,229
2002,9,1884,Aaron Brooks,QB,NO,283,528,53.6,3572,6.77,27,15,223
2002,10,733,Steve McNair,QB,TEN,301,492,61.2,3387,6.88,22,15,212
2002,11,2026,Jeff Garcia,QB,SF,328,528,62.1,3344,6.33,21,10,209
2002,12,2580,Drew Brees,QB,SD,320,526,60.8,3284,6.24,17,16,205
2002,13,1493,Brian Griese,QB,DEN,291,436,66.7,3214,7.37,15,15,247
2002,14,1383,Jon Kitna,QB,CIN,294,473,62.2,3178,6.72,16,16,227
2002,15,2149,Chad Pennington,QB,NYJ,275,399,68.9,3120,7.82,22,6,208
2002,16,1575,Matt Hasselbeck,QB,SEA,267,419,63.7,3075,7.34,15,10,192
2002,17,331,Brad Johnson,QB,TB,281,451,62.3,3049,6.76,22,6,235
2002,18,1177,Jake Plummer,QB,ARI,284,530,53.6,2972,5.61,18,20,186
2002,19,2549,Michael Vick,QB,ATL,231,421,54.9,2936,6.97,16,8,196
2002,20,1752,Tim Couch,QB,CLE,273,443,61.6,2842,6.42,18,18,203
2002,21,279,Tommy Maddox,QB,PIT,234,377,62.1,2836,7.52,20,16,189
2002,22,445,Mark Brunell,QB,JAX,245,416,58.9,2788,6.70,17,7,186
2002,23,59,Rodney Peete,QB,CAR,223,381,58.5,2630,6.90,15,14,188
2002,24,3529,David Carr,QB,HOU,233,444,52.5,2592,5.84,9,15,162
2002,25,3531,Joey Harrington,QB,DET,215,429,50.1,2294,5.35,12,16,164
2002,26,1753,Donovan McNabb,QB,PHI,211,361,58.4,2289,6.34,17,6,229
2002,27,341,Jeff Blake,QB,BAL,165,295,55.9,2084,7.06,13,11,189
2002,28,712,Jay Fiedler,QB,MIA,179,292,61.3,2024,6.93,14,9,184
2002,29,580,Jim Miller,QB,CHI,180,314,57.3,1944,6.19,13,9,194
2002,30,2299,Marc Bulger,QB,STL,138,214,64.5,1826,8.53,14,6,261
2002,31,3790,Chad Hutchinson,QB,DAL,127,250,50.8,1555,6.22,7,8,173
2002,32,3560,Patrick Ramsey,QB,WSH,117,227,51.5,1539,6.78,9,8,171
2002,33,2601,Quincy Carter,QB,DAL,125,221,56.6,1465,6.63,7,8,209
2002,34,1682,Kurt Warner,QB,STL,144,220,65.5,1431,6.51,3,11,204
2002,35,520,Shane Matthews,QB,WSH,124,237,52.3,1251,5.28,11,6,156
2002,36,531,Jamie Martin,QB,STL,124,195,63.6,1216,6.24,7,10,243
2002,37,649,Trent Dilfer,QB,SEA,94,168,56.0,1182,7.04,4,6,197
2002,38,736,Kordell Stewart,QB,PIT,109,166,65.7,1155,6.96,6,6,165
2002,39,1161,Ray Lucas,QB,MIA,92,160,57.5,1045,6.53,4,6,149
2002,40,2206,Chris Redman,QB,BAL,97,182,53.3,1034,5.68,7,3,172
2002,41,29,Chris Chandler,QB,CHI,103,161,64.0,1023,6.35,4,4,114
2002,42,2704,A.J. Feeley,QB,PHI,86,154,55.8,1011,6.57,6,5,169
2002,43,18,Steve Beuerlein,QB,DEN,68,117,58.1,925,7.91,6,5,116
2002,44,2698,Mike McMahon,QB,DET,62,147,42.2,874,5.95,7,9,109
2002,45,1162,Kelly Holcomb,QB,CLE,64,106,60.4,790,7.45,8,4,198
2002,46,1264,Danny Wuerffel,QB,WSH,58,92,63.0,719,7.82,3,6,103
2002,47,789,Rob Johnson,QB,TB,57,88,64.8,536,6.09,1,2,89
2002,48,9,Vinny Testaverde,QB,NYJ,54,83,65.1,499,6.01,3,3,100
2002,49,2405,Doug Johnson,QB,ATL,37,57,64.9,448,7.86,2,3,75
2002,50,622,Gus Frerotte,QB,CIN,44,85,51.8,437,5.14,1,5,109
2002,51,2343,Tim Rattay,QB,SF,26,43,60.5,232,5.40,2,0,58
2002,52,3636,David Garrard,QB,JAX,23,46,50.0,231,5.02,1,2,58
2002,53,1683,Koy Detmer,QB,PHI,19,28,67.9,224,8.00,2,0,16
2002,54,2856,Henry Burris,QB,CHI,18,51,35.3,207,4.06,3,5,35
2002,55,2655,Chris Weinke,QB,CAR,17,38,44.7,180,4.74,0,3,30
2002,56,3665,Randy Fasani,QB,CAR,15,44,34.1,171,3.89,0,4,43
2002,57,525,Doug Pederson,QB,GB,19,28,67.9,134,4.79,1,0,8
2002,58,1754,Akili Smith,QB,CIN,12,33,36.4,117,3.55,0,1,117
2002,59,1693,Jake Delhomme,QB,NO,8,10,80.0,113,11.30,0,0,28
2002,60,1417,Todd Bouman,QB,MIN,3,6,50.0,85,14.17,0,0,85
2002,61,1803,Shaun King,QB,TB,10,27,37.0,80,2.96,0,1,27
2002,62,735,Todd Collins,QB,KC,5,6,83.3,73,12.17,1,0,24
2002,63,3609,Josh McCown,QB,ARI,7,18,38.9,66,3.67,0,2,33
2002,64,35,Doug Flutie,QB,SD,3,11,27.3,64,5.82,0,0,64
2002,65,1799,Cory Sauter,QB,CHI/IND,6,9,66.7,59,6.56,0,0,59
2002,66,102,Brian Mitchell,RB,PHI,1,1,100.0,57,57.00,1,0,4
2002,67,3590,Antwaan Randle El,WR,PIT,7,8,87.5,45,5.63,0,0,3
2002,68,1831,Marty Booker,WR,CHI,1,5,20.0,44,8.80,1,0,3
2002,69,3561,Jabar Gaffney,WR,HOU,1,1,100.0,39,39.00,1,0,2
2002,70,1784,Kevin Johnson,WR,CLE,1,2,50.0,33,16.50,1,0,2
2002,71,2145,Bubba Franks,TE,GB,1,1,100.0,31,31.00,1,0,2
2002,72,2674,Jesse Palmer,QB,NYG,3,4,75.0,30,7.50,0,0,15
2002,73,1266,Leon Johnson,RB,CHI,1,1,100.0,27,27.00,0,0,2
2002,74,3619,Brian Westbrook,RB,PHI,1,1,100.0,25,25.00,1,0,2
2002,75,127,Neil O'Donnell,QB,TEN,3,5,60.0,24,4.80,0,0,6
2002,76,3576,Reche Caldwell,WR,SD,1,1,100.0,20,20.00,0,0,1
2002,77,538,Craig Hentrich,P,TEN,1,1,100.0,17,17.00,0,0,1
2002,78,1210,Kevin Lockett,WR,WSH/JAX,1,1,100.0,14,14.00,1,0,2
2002,79,516,Frank Wycheck,TE,TEN,1,2,50.0,13,6.50,0,0,1
2002,79,1433,Randy Moss,WR,MIN,1,3,33.3,13,4.33,1,0,1
2002,81,1252,Brad Maynard,P,CHI,1,1,100.0,12,12.00,1,0,1
2002,82,1998,Scott Covington,QB,STL,2,5,40.0,7,1.40,0,0,7
2002,83,530,Alex Van Pelt,QB,BUF,2,2,100.0,5,2.50,0,0,3
2002,83,1420,James Allen,RB,HOU,1,2,50.0,5,2.50,1,0,0
2002,85,3645,Rohan Davey,QB,NE,1,2,50.0,3,1.50,0,0,2
2002,86,42,Tom Tupa,P,TB,0,1,0.0,0,0.00,0,1,0
2002,86,90,Ricky Proehl,WR,STL,0,1,0.0,0,0.00,0,0,0
2002,86,118,Chris Mohr,P,ATL,0,1,0.0,0,0.00,0,1,0
2002,86,391,Terry Kirby,RB,OAK,0,1,0.0,0,0.00,0,0,0
2002,86,458,Richie Anderson,FB,NYJ,0,1,0.0,0,0.00,0,0,0
2002,86,637,Dorsey Levens,RB,PHI,0,2,0.0,0,0.00,0,0,0
2002,86,740,James Stewart,RB,DET,0,1,0.0,0,0.00,0,0,0
2002,86,796,Wayne Chrebet,WR,NYJ,0,1,0.0,0,0.00,0,0,0
2002,86,838,Matt Turk,P,NYJ,0,1,0.0,0,0.00,0,1,0
2002,86,866,Rod Smith,WR,DEN,0,1,0.0,0,0.00,0,0,0
2002,86,1100,Chris Doering,WR,WSH,0,1,0.0,0,0.00,0,0,0
2002,86,1306,Priest Holmes,RB,KC,0,1,0.0,0,0.00,0,0,0
2002,86,1393,David Patten,WR,NE,0,1,0.0,0,0.00,0,0,0
2002,86,1798,Kevin Faulk,RB,NE,0,1,0.0,0,0.00,0,0,0
2002,86,2140,Brian Urlacher,LB,CHI,0,1,0.0,0,0.00,0,0,0
2002,86,2563,Rod Gardner,WR,WSH,0,1,0.0,0,0.00,0,0,0
2002,86,2573,Freddie Mitchell,WR,PHI,0,1,0.0,0,0.00,0,0,0
2002,86,2579,Todd Heap,TE,BAL,0,1,0.0,0,0.00,0,0,0
2002,86,2658,Sage Rosenfels,QB,MIA,0,3,0.0,0,0.00,0,0,0
2002,86,2724,Dee Brown,RB,CAR,0,1,0.0,0,0.00,0,1,0
2002,86,3640,Dave Zastudil,P,BAL,0,1,0.0,0,0.00,0,0,0
2002,86,4291,Frisman Jackson,WR,CLE,0,1,0.0,0,0.00,0,0,0
2003,1,1428,Peyton Manning,QB,IND,379,566,67.0,4267,7.54,29,10,267
2003,2,478,Trent Green,QB,KC,330,523,63.1,4039,7.72,24,12,252
2003,3,2299,Marc Bulger,QB,STL,336,532,63.2,3845,7.23,22,22,256
2003,4,1575,Matt Hasselbeck,QB,SEA,313,513,61.0,3841,7.49,26,15,240
2003,5,331,Brad Johnson,QB,TB,354,570,62.1,3811,6.69,26,21,238
2003,6,2330,Tom Brady,QB,NE,317,527,60.2,3620,6.87,23,12,226
2003,7,1383,Jon Kitna,QB,CIN,324,520,62.3,3591,6.91,26,15,224
2003,8,1884,Aaron Brooks,QB,NO,306,518,59.1,3546,6.85,24,8,222
2003,9,1762,Daunte Culpepper,QB,MIN,295,454,65.0,3479,7.66,25,11,249
2003,10,279,Tommy Maddox,QB,PIT,298,519,57.4,3414,6.58,18,17,213
2003,11,112,Brett Favre,QB,GB,308,471,65.4,3361,7.14,32,21,210
2003,12,2601,Quincy Carter,QB,DAL,292,505,57.8,3302,6.54,17,21,206
2003,13,1693,Jake Delhomme,QB,CAR,266,449,59.2,3219,7.17,19,16,201
2003,14,1753,Donovan McNabb,QB,PHI,275,478,57.5,3216,6.73,16,11,201
2003,15,733,Steve McNair,QB,TEN,250,400,62.5,3215,8.04,24,7,230
2003,16,734,Kerry Collins,QB,NYG,284,500,56.8,3110,6.22,13,16,239
2003,17,3531,Joey Harrington,QB,DET,309,554,55.8,2880,5.20,17,22,180
2003,18,393,Drew Bledsoe,QB,BUF,274,471,58.2,2860,6.07,11,12,179
2003,19,4465,Byron Leftwich,QB,JAX,239,418,57.2,2819,6.74,14,16,188
2003,20,2026,Jeff Garcia,QB,SF,225,392,57.4,2704,6.90,18,13,208
2003,21,341,Jeff Blake,QB,ARI,208,367,56.7,2247,6.12,13,15,173
2003,22,1177,Jake Plummer,QB,DEN,189,302,62.6,2182,7.23,15,7,198
2003,23,3560,Patrick Ramsey,QB,WSH,179,337,53.1,2166,6.43,14,9,197
2003,24,2149,Chad Pennington,QB,NYJ,189,297,63.6,2139,7.20,13,12,214
2003,25,712,Jay Fiedler,QB,MIA,179,314,57.0,2138,6.81,11,13,178
2003,26,2580,Drew Brees,QB,SD,205,356,57.6,2108,5.92,11,15,192
2003,27,3529,David Carr,QB,HOU,167,295,56.6,2013,6.82,9,13,168
2003,28,1162,Kelly Holcomb,QB,CLE,193,302,63.9,1797,5.95,10,12,180
2003,29,2405,Doug Johnson,QB,ATL,136,243,56.0,1655,6.81,8,12,166
2003,30,736,Kordell Stewart,QB,CHI,126,251,50.2,1418,5.65,7,12,158
2003,31,9,Vinny Testaverde,QB,NYJ,123,198,62.1,1385,7.00,7,2,198
2003,32,1752,Tim Couch,QB,CLE,120,203,59.1,1319,6.50,7,6,132
2003,33,33,Rich Gannon,QB,OAK,125,225,55.6,1274,5.66,6,4,182
2003,34,398,Rick Mirer,QB,OAK,116,221,52.5,1267,5.73,3,5,141
2003,35,4477,Kyle Boller,QB,BAL,116,224,51.8,1260,5.63,7,9,115
2003,36,2053,Anthony Wright,QB,BAL,94,178,52.8,1199,6.74,9,8,171
2003,37,35,Doug Flutie,QB,SD,91,167,54.5,1097,6.57,9,4,157
2003,38,29,Chris Chandler,QB,CHI,107,192,55.7,1050,5.47,3,7,131
2003,39,3609,Josh McCown,QB,ARI,95,166,57.2,1018,6.13,5,6,127
2003,40,2635,Tim Hasselbeck,QB,WSH,95,177,53.7,1012,5.72,5,7,145
2003,41,2343,Tim Rattay,QB,SF,73,118,61.9,856,7.25,7,2,78
2003,42,1493,Brian Griese,QB,MIA,74,130,56.9,813,6.25,5,6,163
2003,43,927,Tony Banks,QB,HOU,61,102,59.8,693,6.79,5,3,99
2003,44,622,Gus Frerotte,QB,MIN,38,65,58.5,690,10.62,7,2,43
2003,45,2549,Michael Vick,QB,ATL,50,100,50.0,585,5.85,4,3,117
2003,46,2440,Billy Volek,QB,TEN,44,69,63.8,545,7.90,4,1,78
2003,47,2674,Jesse Palmer,QB,NYG,60,116,51.7,532,4.59,3,4,89
2003,48,445,Mark Brunell,QB,JAX,54,82,65.9,484,5.90,2,0,161
2003,49,975,Danny Kanell,QB,DEN,53,103,51.5,442,4.29,2,5,88
2003,50,4480,Rex Grossman,QB,CHI,38,72,52.8,437,6.07,2,1,146
2003,51,3686,Kurt Kittner,QB,ATL,44,114,38.6,391,3.43,2,6,56
2003,52,18,Steve Beuerlein,QB,DEN,33,63,52.4,389,6.18,2,5,97
2003,53,1682,Kurt Warner,QB,STL,38,65,58.5,365,5.62,1,1,183
2003,54,2607,Marques Tuiasosopo,QB,OAK,25,45,55.6,324,7.20,0,3,81
2003,55,127,Neil O'Donnell,QB,TEN,18,27,66.7,232,8.59,2,1,232
2003,56,2519,Travis Brown,QB,BUF,14,18,77.8,160,8.89,0,1,80
2003,57,4546,Dave Ragone,QB,HOU,20,40,50.0,135,3.38,0,1,68
2003,58,1803,Shaun King,QB,TB,15,22,68.2,130,5.91,1,1,43
2003,59,2698,Mike McMahon,QB,DET,9,31,29.0,87,2.81,0,2,29
2003,60,3636,David Garrard,QB,JAX,9,12,75.0,86,7.17,1,0,43
2003,61,1099,Josh Miller,P,PIT,1,1,100.0,81,81.00,1,0,5
2003,61,1417,Todd Bouman,QB,NO,7,13,53.8,81,6.23,1,0,20
2003,63,735,Todd Collins,QB,KC,9,12,75.0,74,6.17,0,0,15
2003,64,866,Rod Smith,WR,DEN,1,1,100.0,72,72.00,0,0,5
2003,65,2294,Tee Martin,QB,OAK,6,16,37.5,69,4.31,0,1,35
2003,66,658,Isaac Bruce,WR,STL,2,2,100.0,66,33.00,0,0,4
2003,67,2206,Chris Redman,QB,BAL,7,13,53.8,58,4.46,0,2,29
2003,68,789,Rob Johnson,QB,OAK/WSH,6,13,46.2,54,4.15,0,1,27
2003,69,2658,Sage Rosenfels,QB,MIA,4,6,66.7,50,8.33,1,0,25
2003,70,530,Alex Van Pelt,QB,BUF,5,12,41.7,49,4.08,0,3,8
2003,71,1490,Charlie Batch,QB,PIT,4,8,50.0,47,5.88,0,0,16
2003,72,2563,Rod Gardner,WR,WSH,2,3,66.7,46,15.33,2,0,3
2003,73,2345,Jarious Jackson,QB,DEN,4,9,44.4,41,4.56,0,1,41
2003,74,789,Rob Johnson,QB,OAK/WSH,5,7,71.4,39,5.57,0,0,20
2003,75,2816,Aveion Cason,RB,DAL,1,1,100.0,37,37.00,0,0,4
2003,76,1683,Koy Detmer,QB,PHI,3,5,60.0,32,6.40,0,0,2
2003,76,4590,LaBrandon Toefield,RB,JAX,1,2,50.0,32,16.00,0,0,2
2003,78,649,Trent Dilfer,QB,SEA,4,8,50.0,31,3.88,1,1,6
2003,78,3645,Rohan Davey,QB,NE,3,7,42.9,31,4.43,0,0,31
2003,80,538,Craig Hentrich,P,TEN,2,5,40.0,25,5.00,0,0,2
2003,81,2573,Freddie Mitchell,WR,PHI,1,1,100.0,25,25.00,1,0,2
2003,82,1830,Brock Huard,QB,IND,2,3,66.7,22,7.33,0,0,11
2003,83,1492,Az-Zahir Hakim,WR,DET,1,1,100.0,21,21.00,0,0,2
2003,83,2553,LaDainian Tomlinson,RB,SD,1,1,100.0,21,21.00,1,0,1
2003,85,59,Rodney Peete,QB,CAR,4,10,40.0,19,1.90,0,0,19
2003,86,525,Doug Pederson,QB,GB,2,2,100.0,16,8.00,0,0,1
2003,87,1042,Joe Horn,WR,NO,1,1,100.0,14,14.00,0,0,1
2003,87,2898,Drew Bennett,WR,TEN,1,1,100.0,14,14.00,0,0,1
2003,89,2417,Dane Looker,WR,STL,1,1,100.0,11,11.00,0,0,1
2003,90,3790,Chad Hutchinson,QB,DAL,1,2,50.0,8,4.00,0,0,8
2003,91,4690,Gibran Hamdan,QB,WSH,1,2,50.0,7,3.50,0,0,7
2003,92,2718,Cedrick Wilson,WR,SF,1,1,100.0,6,6.00,0,0,0
2003,92,3590,Antwaan Randle El,WR,PIT,3,4,75.0,6,1.50,0,0,0
2003,94,137,Bryan Barker,P,WSH,1,1,100.0,3,3.00,0,0,0
2003,95,12,Jerry Rice,WR,OAK,0,1,0.0,0,0.00,0,0,0
2003,95,97,Dan Stryzinski,P,NYJ,0,1,0.0,0,0.00,0,0,0
2003,95,118,Chris Mohr,P,ATL,0,1,0.0,0,0.00,0,0,0
2003,95,131,Mark Royals,P,MIA/JAX,0,1,0.0,0,0.00,0,1,0
2003,95,458,Richie Anderson,FB,DAL,0,1,0.0,0,0.00,0,0,0
2003,95,554,Brant Boyer,LB,CLE,0,1,0.0,0,0.00,0,0,0
2003,95,619,Mitch Berger,P,NO,0,1,0.0,0,0.00,0,0,0
2003,95,640,Bill Schroeder,WR,DET,0,1,0.0,0,0.00,0,0,0
2003,95,768,Todd Sauerbrun,P,CAR,0,1,0.0,0,0.00,0,0,0
2003,95,833,Darren Bennett,P,SD,0,1,0.0,0,0.00,0,0,0
2003,95,940,Terry Glenn,WR,DAL,0,1,0.0,0,0.00,0,0,0
2003,95,1306,Priest Holmes,RB,KC,0,1,0.0,0,0.00,0,0,0
2003,95,1398,Damon Huard,QB,NE,0,1,0.0,0,0.00,0,0,0
2003,95,1433,Randy Moss,WR,MIN,0,1,0.0,0,0.00,0,0,0
2003,95,1784,Kevin Johnson,WR,CLE/JAX,0,1,0.0,0,0.00,0,0,0
2003,95,1798,Kevin Faulk,RB,NE,0,1,0.0,0,0.00,0,0,0
2003,95,2021,Stacey Mack,RB,HOU,0,1,0.0,0,0.00,0,1,0
2003,95,2163,Dennis Northcutt,WR,CLE,0,1,0.0,0,0.00,0,0,0
2003,95,2387,Micah Knorr,P,DEN,0,1,0.0,0,0.00,0,0,0
2003,95,2571,Deuce McAllister,RB,NO,0,2,0.0,0,0.00,0,0,0
2003,95,2606,Travis Henry,RB,BUF,0,1,0.0,0,0.00,0,1,0
2003,95,2669,Nick Harris,P,CIN/DET,0,1,0.0,0,0.00,0,0,0
2003,95,3546,T.J. Duckett,RB,ATL,0,1,0.0,0,0.00,0,0,0
2003,95,3561,Jabar Gaffney,WR,HOU,0,1,0.0,0,0.00,0,0,0
2003,95,3757,David Givens,WR,NE,0,1,0.0,0,0.00,0,1,0
2003,95,4291,Frisman Jackson,WR,CLE,0,1,0.0,0,0.00,0,0,0
2003,121,4413,Woody Dantzler,RB,ATL,0,1,0.0,0,0.00,0,0,0
2003,121,4512,Anquan Boldin,WR,ARI,0,1,0.0,0,0.00,0,1,0
2004,1,1762,Daunte Culpepper,QB,MIN,379,548,69.2,4717,8.61,39,11,295
2004,2,478,Trent Green,QB,KC,369,556,66.4,4591,8.26,27,17,287
2004,3,1428,Peyton Manning,QB,IND,336,497,67.6,4557,9.17,49,10,285
2004,4,1177,Jake Plummer,QB,DEN,303,521,58.2,4089,7.85,27,20,256
2004,5,112,Brett Favre,QB,GB,346,540,64.1,4088,7.57,30,17,256
2004,6,2299,Marc Bulger,QB,STL,321,485,66.2,3964,8.17,21,14,283
2004,7,1693,Jake Delhomme,QB,CAR,310,533,58.2,3886,7.29,29,15,243
2004,8,1753,Donovan McNabb,QB,PHI,300,469,64.0,3875,8.26,31,8,258
2004,9,1884,Aaron Brooks,QB,NO,309,542,57.0,3810,7.03,21,16,238
2004,10,2330,Tom Brady,QB,NE,288,474,60.8,3692,7.79,28,14,231
2004,11,9,Vinny Testaverde,QB,DAL,297,495,60.0,3532,7.14,17,20,221
2004,12,3529,David Carr,QB,HOU,285,466,61.2,3531,7.58,16,14,221
2004,13,734,Kerry Collins,QB,OAK,289,513,56.3,3495,6.81,21,20,250
2004,14,1575,Matt Hasselbeck,QB,SEA,279,474,58.9,3382,7.14,22,15,242
2004,15,2580,Drew Brees,QB,SD,262,400,65.5,3159,7.90,27,7,211
2004,16,3531,Joey Harrington,QB,DET,274,489,56.0,3047,6.23,19,12,190
2004,17,4465,Byron Leftwich,QB,JAX,267,441,60.5,2941,6.67,15,10,210
2004,18,393,Drew Bledsoe,QB,BUF,256,450,56.9,2932,6.52,20,16,183
2004,19,4459,Carson Palmer,QB,CIN,263,432,60.9,2897,6.71,18,18,223
2004,20,2149,Chad Pennington,QB,NYJ,242,370,65.4,2673,7.22,16,9,206
2004,21,1493,Brian Griese,QB,TB,233,336,69.3,2632,7.83,20,12,239
2004,22,5536,Ben Roethlisberger,QB,PIT,196,295,66.4,2621,8.89,17,11,187
2004,23,4477,Kyle Boller,QB,BAL,258,464,55.6,2559,5.52,13,11,160
2004,24,3609,Josh McCown,QB,ARI,233,408,57.1,2511,6.15,11,10,179
2004,25,2440,Billy Volek,QB,TEN,218,357,61.1,2486,6.96,18,10,249
2004,26,2549,Michael Vick,QB,ATL,181,321,56.4,2313,7.21,14,12,154
2004,27,2343,Tim Rattay,QB,SF,198,325,60.9,2169,6.67,10,10,241
2004,28,1682,Kurt Warner,QB,NYG,174,277,62.8,2054,7.42,6,4,205
2004,29,2704,A.J. Feeley,QB,MIA,191,356,53.7,1893,5.32,11,15,172
2004,30,2026,Jeff Garcia,QB,CLE,144,252,57.1,1731,6.87,10,9,157
2004,31,3560,Patrick Ramsey,QB,WSH,169,272,62.1,1665,6.12,10,11,185
2004,32,733,Steve McNair,QB,TEN,129,215,60.0,1343,6.25,8,9,168
2004,33,4699,Ken Dorsey,QB,SF,123,226,54.4,1231,5.45,6,9,154
2004,34,445,Mark Brunell,QB,WSH,118,237,49.8,1194,5.04,7,6,133
2004,35,712,Jay Fiedler,QB,MIA,101,190,53.2,1186,6.24,7,8,148
2004,36,5526,Eli Manning,QB,NYG,95,197,48.2,1043,5.29,6,9,116
2004,37,3790,Chad Hutchinson,QB,CHI,92,161,57.1,903,5.61,4,3,181
2004,38,1162,Kelly Holcomb,QB,CLE,59,87,67.8,737,8.47,7,5,184
2004,39,5673,Craig Krenzel,QB,CHI,59,127,46.5,718,5.65,3,6,120
2004,40,331,Brad Johnson,QB,TB,65,103,63.1,674,6.54,3,3,169
2004,41,1383,Jon Kitna,QB,CIN,61,104,58.7,623,5.99,5,4,156
2004,42,5631,Luke McCown,QB,CLE,48,98,49.0,608,6.20,4,7,122
2004,43,4480,Rex Grossman,QB,CHI,47,84,56.0,607,7.23,1,3,202
2004,44,33,Rich Gannon,QB,OAK,41,68,60.3,524,7.71,3,2,175
2004,45,1803,Shaun King,QB,ARI,47,84,56.0,502,5.98,1,4,167
2004,46,2601,Quincy Carter,QB,NYJ,35,58,60.3,498,8.59,3,1,71
2004,47,4555,Chris Simms,QB,TB,42,73,57.5,467,6.40,1,3,93
2004,48,29,Chris Chandler,QB,STL,35,62,56.5,463,7.47,2,8,93
2004,49,1639,Jonathan Quinn,QB,CHI,51,98,52.0,413,4.21,1,3,83
2004,50,3636,David Garrard,QB,JAX,38,72,52.8,374,5.19,2,1,94
2004,51,649,Trent Dilfer,QB,SEA,25,58,43.1,333,5.74,1,3,67
2004,52,5615,Matt Schaub,QB,ATL,33,70,47.1,330,4.71,1,4,55
2004,53,279,Tommy Maddox,QB,PIT,30,60,50.0,329,5.48,1,2,82
2004,54,3692,Craig Nall,QB,GB,23,33,69.7,314,9.52,4,0,63
2004,55,35,Doug Flutie,QB,SD,20,38,52.6,276,7.26,1,0,138
2004,56,2658,Sage Rosenfels,QB,MIA,16,39,41.0,264,6.77,1,3,88
2004,57,1683,Koy Detmer,QB,PHI,18,40,45.0,207,5.18,0,2,13
2004,58,531,Jamie Martin,QB,STL,16,30,53.3,188,6.27,0,0,188
2004,59,5718,Jim Sorgi,QB,IND,17,29,58.6,175,6.03,2,0,44
2004,60,5727,John Navarre,QB,ARI,18,40,45.0,168,4.20,1,4,168
2004,61,341,Jeff Blake,QB,PHI,18,37,48.6,126,3.41,1,1,42
2004,62,525,Doug Pederson,QB,GB,11,23,47.8,120,5.22,0,2,30
2004,63,4650,Drew Henson,QB,DAL,10,18,55.6,78,4.33,1,1,11
2004,64,2698,Mike McMahon,QB,DET,11,15,73.3,77,5.13,0,1,77
2004,65,2405,Doug Johnson,QB,TEN,6,12,50.0,68,5.67,0,0,34
2004,66,4658,Brooks Bollinger,QB,NYJ,5,9,55.6,60,6.67,0,0,60
2004,67,5742,Cody Pickett,QB,SF,4,10,40.0,55,5.50,0,2,55
2004,68,3645,Rohan Davey,QB,NE,4,10,40.0,54,5.40,0,0,14
2004,69,1831,Marty Booker,WR,MIA,1,1,100.0,48,48.00,0,0,3
2004,70,520,Shane Matthews,QB,BUF,2,3,66.7,44,14.67,1,0,15
2004,71,735,Todd Collins,QB,KC,1,5,20.0,42,8.40,0,0,21
2004,72,2553,LaDainian Tomlinson,RB,SD,1,2,50.0,38,19.00,0,0,3
2004,73,1433,Randy Moss,WR,MIN,1,2,50.0,37,18.50,0,1,3
2004,74,5529,Philip Rivers,QB,SD,5,8,62.5,33,4.13,1,0,17
2004,75,5547,J.P. Losman,QB,BUF,3,5,60.0,32,6.40,0,1,8
2004,76,458,Richie Anderson,FB,DAL,1,1,100.0,26,26.00,1,0,2
2004,76,2898,Drew Bennett,WR,TEN,1,1,100.0,26,26.00,1,0,2
2004,78,1806,Peerless Price,WR,ATL,1,1,100.0,25,25.00,0,0,2
2004,79,118,Chris Mohr,P,ATL,2,3,66.7,24,8.00,0,0,2
2004,79,2797,Brian Moorman,P,BUF,1,3,33.3,24,8.00,0,0,2
2004,81,72,Emmitt Smith,RB,ARI,1,1,100.0,21,21.00,1,0,1
2004,82,1432,Ahman Green,RB,GB,1,1,100.0,20,20.00,1,0,1
2004,83,927,Tony Banks,QB,HOU,1,2,50.0,16,8.00,0,0,3
2004,84,3579,Clinton Portis,RB,WSH,1,2,50.0,15,7.50,1,0,1
2004,85,389,Jerome Bettis,RB,PIT,1,1,100.0,10,10.00,1,0,1
2004,85,538,Craig Hentrich,P,TEN,2,4,50.0,10,2.50,0,0,1
2004,85,3590,Antwaan Randle El,WR,PIT,1,1,100.0,10,10.00,1,0,1
2004,88,4242,Tony Fisher,RB,GB,1,1,100.0,8,8.00,1,0,1
2004,89,1097,Adam Vinatieri,PK,NE,1,1,100.0,4,4.00,1,0,0
2004,90,59,Rodney Peete,QB,CAR,1,1,100.0,3,3.00,0,0,3
2004,91,26,Jeff Feagles,P,NYG,0,1,0.0,0,0.00,0,0,0
2004,91,90,Ricky Proehl,WR,CAR,0,1,0.0,0,0.00,0,0,0
2004,91,276,Keenan McCardell,WR,SD,0,1,0.0,0,0.00,0,0,0
2004,91,526,Mike Bartrum,TE,PHI,0,1,0.0,0,0.00,0,0,0
2004,91,622,Gus Frerotte,QB,MIN,0,1,0.0,0,0.00,0,0,0
2004,91,658,Isaac Bruce,WR,STL,0,2,0.0,0,0.00,0,0,0
2004,91,726,Jeff Wilkins,PK,STL,0,1,0.0,0,0.00,0,0,0
2004,91,924,Keyshawn Johnson,WR,DAL,0,2,0.0,0,0.00,0,1,0
2004,91,940,Terry Glenn,WR,DAL,0,1,0.0,0,0.00,0,0,0
2004,91,2055,Jeff Saturday,C,IND,0,1,0.0,0,0.00,0,0,0
2004,91,2305,Paul Edinger,PK,CHI,0,1,0.0,0,0.00,0,1,0
2004,91,2563,Rod Gardner,WR,WSH,0,3,0.0,0,0.00,0,0,0
2004,91,2597,LaMont Jordan,RB,NYJ,0,1,0.0,0,0.00,0,1,0
2004,91,2622,Steve Smith Sr.,WR,CAR,0,1,0.0,0,0.00,0,0,0
2004,91,3561,Jabar Gaffney,WR,HOU,0,3,0.0,0,0.00,0,0,0
2004,91,3734,Ronald Curry,WR,OAK,0,1,0.0,0,0.00,0,0,0
2004,91,4291,Frisman Jackson,WR,CLE,0,1,0.0,0,0.00,0,0,0
2004,91,4396,Randy Hymes,WR,BAL,0,1,0.0,0,0.00,0,0,0
2004,91,4607,Mike Scifres,P,SD,0,1,0.0,0,0.00,0,1,0
2004,91,4621,Brian St. Pierre,QB,PIT,0,1,0.0,0,0.00,0,0,0
2004,91,5096,Mat McBriar,P,DAL,0,1,0.0,0,0.00,0,0,0
2004,91,5532,Roy Williams,WR,DET,0,1,0.0,0,0.00,0,0,0
2004,91,5644,Mewelde Moore,RB,MIN,0,1,0.0,0,0.00,0,0,0
2004,91,5733,Adimchinobe Echemandu,RB,CLE,0,1,0.0,0,0.00,0,0,0
2004,91,5741,Patrick Crayton,WR,DAL,0,1,0.0,0,0.00,0,1,0
2005,1,2330,Tom Brady,QB,NE,334,530,63.0,4110,7.76,26,14,257
2005,2,478,Trent Green,QB,KC,317,507,62.5,4014,7.92,17,10,251
2005,3,112,Brett Favre,QB,GB,372,607,61.3,3881,6.39,20,29,243
2005,4,4459,Carson Palmer,QB,CIN,345,509,67.8,3836,7.54,32,12,240
2005,5,5526,Eli Manning,QB,NYG,294,557,52.8,3762,6.75,24,17,235
2005,6,734,Kerry Collins,QB,OAK,302,565,53.5,3759,6.65,20,12,251
2005,7,1428,Peyton Manning,QB,IND,305,453,67.3,3747,8.27,28,10,234
2005,8,393,Drew Bledsoe,QB,DAL,300,499,60.1,3639,7.29,23,17,227
2005,9,2580,Drew Brees,QB,SD,323,500,64.6,3576,7.15,24,15,224
2005,10,1575,Matt Hasselbeck,QB,SEA,294,449,65.5,3459,7.70,24,9,216
2005,11,1693,Jake Delhomme,QB,CAR,262,435,60.2,3421,7.86,24,16,214
2005,12,1177,Jake Plummer,QB,DEN,277,456,60.7,3366,7.38,18,7,210
2005,13,733,Steve McNair,QB,TEN,292,476,61.3,3161,6.64,16,11,226
2005,14,445,Mark Brunell,QB,WSH,262,454,57.7,3050,6.72,23,10,191
2005,15,622,Gus Frerotte,QB,MIA,257,494,52.0,2996,6.07,18,13,187
2005,16,1884,Aaron Brooks,QB,NO,240,431,55.7,2882,6.69,13,17,222
2005,17,1682,Kurt Warner,QB,ARI,242,375,64.5,2713,7.24,11,9,271
2005,18,1753,Donovan McNabb,QB,PHI,211,357,59.1,2507,7.02,16,9,279
2005,19,3529,David Carr,QB,HOU,256,423,60.5,2488,5.88,14,11,156
2005,20,2549,Michael Vick,QB,ATL,214,387,55.3,2412,6.23,15,13,161
2005,21,5536,Ben Roethlisberger,QB,PIT,168,268,62.7,2385,8.90,17,9,199
2005,22,649,Trent Dilfer,QB,CLE,199,333,59.8,2321,6.97,11,12,211
2005,23,2299,Marc Bulger,QB,STL,192,287,66.9,2297,8.00,14,9,287
2005,24,4465,Byron Leftwich,QB,JAX,175,302,57.9,2123,7.03,15,5,193
2005,25,4555,Chris Simms,QB,TB,191,313,61.0,2035,6.50,10,7,185
2005,26,3531,Joey Harrington,QB,DET,188,330,57.0,2021,6.12,12,12,168
2005,27,331,Brad Johnson,QB,MIN,184,294,62.6,1885,6.41,12,4,126
2005,28,8520,Kyle Orton,QB,CHI,190,368,51.6,1869,5.08,9,13,125
2005,29,3609,Josh McCown,QB,ARI,163,270,60.4,1836,6.80,9,11,204
2005,30,4477,Kyle Boller,QB,BAL,171,293,58.4,1799,6.14,11,12,200
2005,31,2053,Anthony Wright,QB,BAL,164,266,61.7,1582,5.95,6,9,176
2005,32,1762,Daunte Culpepper,QB,MIN,139,216,64.4,1564,7.24,6,12,223
2005,33,4658,Brooks Bollinger,QB,NYJ,150,266,56.4,1558,5.86,7,6,142
2005,34,1162,Kelly Holcomb,QB,BUF,155,230,67.4,1509,6.56,10,8,151
2005,35,5547,J.P. Losman,QB,BUF,113,228,49.6,1340,5.88,8,8,149
2005,36,531,Jamie Martin,QB,STL,124,177,70.1,1277,7.22,5,7,160
2005,37,2698,Mike McMahon,QB,PHI,94,207,45.4,1158,5.59,5,8,129
2005,38,1493,Brian Griese,QB,TB,112,174,64.4,1136,6.53,7,7,189
2005,39,3636,David Garrard,QB,JAX,98,168,58.3,1117,6.65,4,1,160
2005,40,8481,Charlie Frye,QB,CLE,98,164,59.8,1002,6.11,4,5,143
2005,41,2026,Jeff Garcia,QB,DET,102,173,59.0,937,5.42,3,6,156
2005,42,8416,Alex Smith,QB,SF,84,165,50.9,875,5.30,1,11,97
2005,43,9,Vinny Testaverde,QB,NYJ,60,106,56.6,777,7.33,1,6,130
2005,43,8664,Ryan Fitzpatrick,QB,STL,76,135,56.3,777,5.76,4,8,194
2005,45,1417,Todd Bouman,QB,NO,68,122,55.7,722,5.92,2,7,45
2005,46,2343,Tim Rattay,QB,SF/TB,56,97,57.7,667,6.88,5,6,167
2005,47,2149,Chad Pennington,QB,NYJ,49,83,59.0,530,6.39,2,3,177
2005,48,5615,Matt Schaub,QB,ATL,33,64,51.6,495,7.73,4,0,31
2005,49,4699,Ken Dorsey,QB,SF,48,90,53.3,481,5.34,2,2,160
2005,50,2440,Billy Volek,QB,TEN,50,88,56.8,474,5.39,4,2,79
2005,51,2658,Sage Rosenfels,QB,MIA,34,61,55.7,462,7.57,4,3,116
2005,52,5718,Jim Sorgi,QB,IND,42,61,68.9,444,7.28,3,1,89
2005,53,279,Tommy Maddox,QB,PIT,34,71,47.9,406,5.72,2,4,102
2005,54,3560,Patrick Ramsey,QB,WSH,15,25,60.0,279,11.16,1,1,70
2005,55,4480,Rex Grossman,QB,CHI,20,39,51.3,259,6.64,1,2,130
2005,56,1490,Charlie Batch,QB,PIT,23,36,63.9,246,6.83,1,1,62
2005,57,1683,Koy Detmer,QB,PHI,32,56,57.1,238,4.25,0,3,15
2005,58,8644,Matt Cassel,QB,NE,13,24,54.2,183,7.63,2,1,92
2005,59,5727,John Navarre,QB,ARI,14,24,58.3,174,7.25,1,1,174
2005,60,927,Tony Banks,QB,HOU,14,25,56.0,173,6.92,1,2,87
2005,60,4568,Seneca Wallace,QB,SEA,13,25,52.0,173,6.92,1,1,25
2005,62,5742,Cody Pickett,QB,SF,14,35,40.0,140,4.00,0,2,28
2005,63,5750,Matt Mauck,QB,TEN,15,27,55.6,136,5.04,0,1,68
2005,64,2607,Marques Tuiasosopo,QB,OAK,14,26,53.8,124,4.77,1,2,124
2005,65,5529,Philip Rivers,QB,SD,12,22,54.5,115,5.23,0,1,58
2005,66,712,Jay Fiedler,QB,NYJ,8,13,61.5,107,8.23,1,0,54
2005,67,4268,Quinn Gray,QB,JAX,8,14,57.1,100,7.14,2,0,100
2005,68,1383,Jon Kitna,QB,CIN,17,29,58.6,99,3.41,0,2,33
2005,69,3590,Antwaan Randle El,WR,PIT,3,3,100.0,67,22.33,1,0,4
2005,70,8439,Aaron Rodgers,QB,GB,9,16,56.3,65,4.06,0,1,22
2005,71,2655,Chris Weinke,QB,CAR,7,13,53.8,64,4.92,1,0,21
2005,72,8559,Dan Orlovsky,QB,DET,7,17,41.2,63,3.71,0,0,32
2005,73,341,Jeff Blake,QB,CHI,8,9,88.9,55,6.11,1,0,28
2005,74,2553,LaDainian Tomlinson,RB,SD,3,4,75.0,47,11.75,3,0,3
2005,75,35,Doug Flutie,QB,NE,5,10,50.0,29,2.90,0,0,6
2005,76,4655,Arnaz Battle,WR,SF,2,2,100.0,27,13.50,0,0,3
2005,77,538,Craig Hentrich,P,TEN,1,2,50.0,26,13.00,0,0,2
2005,78,1252,Brad Maynard,P,CHI,1,2,50.0,18,9.00,0,0,1
2005,79,3579,Clinton Portis,RB,WSH,1,2,50.0,17,8.50,1,0,1
2005,79,4659,Kliff Kingsbury,QB,NYJ,1,2,50.0,17,8.50,0,0,17
2005,81,4242,Tony Fisher,RB,GB,1,1,100.0,14,14.00,0,0,1
2005,82,8436,Matt Jones,WR,JAX,2,3,66.7,12,4.00,0,0,1
2005,83,5775,Bradlee Van Pelt,QB,DEN,2,8,25.0,7,0.88,0,0,2
2005,84,5612,B.J. Sander,P,GB,1,1,100.0,4,4.00,0,0,0
2005,85,8469,Roscoe Parrish,WR,BUF,1,1,100.0,3,3.00,0,0,0
2005,86,269,Chris Gardocki,P,PIT,0,1,0.0,0,0.00,0,0,0
2005,86,866,Rod Smith,WR,DEN,0,1,0.0,0,0.00,0,0,0
2005,86,924,Keyshawn Johnson,WR,DAL,0,1,0.0,0,0.00,0,0,0
2005,86,1218,Tiki Barber,RB,NYG,0,1,0.0,0,0.00,0,0,0
2005,86,1831,Marty Booker,WR,MIA,0,1,0.0,0,0.00,0,0,0
2005,86,1963,Hunter Smith,P,IND,0,1,0.0,0,0.00,0,0,0
2005,86,2898,Drew Bennett,WR,TEN,0,1,0.0,0,0.00,0,0,0
2005,86,3562,DeShaun Foster,RB,CAR,0,1,0.0,0,0.00,0,0,0
2005,86,4396,Randy Hymes,WR,BAL,0,2,0.0,0,0.00,0,0,0
2005,86,4512,Anquan Boldin,WR,ARI,0,1,0.0,0,0.00,0,0,0
2005,86,4559,Domanick Williams,RB,HOU,0,1,0.0,0,0.00,0,0,0
2005,86,8437,Mark Clayton,WR,BAL,0,1,0.0,0,0.00,0,0,0
2005,86,9387,Samkon Gado,RB,GB,0,1,0.0,0,0.00,0,0,0
2006,1,2580,Drew Brees,QB,NO,356,554,64.3,4418,7.98,26,11,276
2006,2,1428,Peyton Manning,QB,IND,362,557,65.0,4397,7.89,31,9,275
2006,3,2299,Marc Bulger,QB,STL,370,588,62.9,4301,7.32,24,8,269
2006,4,1383,Jon Kitna,QB,DET,372,596,62.4,4208,7.06,21,22,263
2006,5,4459,Carson Palmer,QB,CIN,324,520,62.3,4035,7.76,28,13,252
2006,6,112,Brett Favre,QB,GB,343,613,56.0,3885,6.34,18,18,243
2006,7,2330,Tom Brady,QB,NE,319,516,61.8,3529,6.84,24,12,221
2006,8,5536,Ben Roethlisberger,QB,PIT,280,469,59.7,3513,7.49,18,23,234
2006,9,5529,Philip Rivers,QB,SD,284,460,61.7,3388,7.37,22,9,212
2006,10,2149,Chad Pennington,QB,NYJ,313,485,64.5,3352,6.91,17,16,210
2006,11,5526,Eli Manning,QB,NYG,301,522,57.7,3244,6.22,24,18,203
2006,12,4480,Rex Grossman,QB,CHI,262,480,54.6,3193,6.65,23,20,200
2006,13,5547,J.P. Losman,QB,BUF,268,429,62.5,3051,7.11,19,14,191
2006,14,733,Steve McNair,QB,BAL,295,468,63.0,3050,6.52,16,12,191
2006,15,5209,Tony Romo,QB,DAL,220,337,65.3,2903,8.61,19,13,181
2006,16,8416,Alex Smith,QB,SF,257,442,58.1,2890,6.54,16,16,181
2006,17,1693,Jake Delhomme,QB,CAR,263,431,61.0,2805,6.51,17,11,216
2006,18,3529,David Carr,QB,HOU,302,442,68.3,2767,6.26,11,12,173
2006,19,331,Brad Johnson,QB,MIN,270,439,61.5,2750,6.26,9,15,183
2006,20,1753,Donovan McNabb,QB,PHI,180,316,57.0,2647,8.38,18,6,265
2006,21,9596,Matt Leinart,QB,ARI,214,377,56.8,2547,6.76,11,12,212
2006,22,2549,Michael Vick,QB,ATL,204,388,52.6,2474,6.38,20,13,155
2006,23,8481,Charlie Frye,QB,CLE,252,393,64.1,2454,6.24,10,17,189
2006,24,1575,Matt Hasselbeck,QB,SEA,210,371,56.6,2442,6.58,18,15,204
2006,25,3531,Joey Harrington,QB,MIA,223,388,57.5,2236,5.76,12,15,203
2006,26,9589,Vince Young,QB,TEN,184,357,51.5,2199,6.16,12,13,147
2006,27,1177,Jake Plummer,QB,DEN,175,317,55.2,1994,6.29,11,13,125
2006,28,1398,Damon Huard,QB,KC,148,244,60.7,1878,7.70,11,1,188
2006,29,445,Mark Brunell,QB,WSH,162,260,62.3,1789,6.88,8,4,179
2006,30,3636,David Garrard,QB,JAX,145,241,60.2,1735,7.20,10,9,158
2006,31,8483,Andrew Walter,QB,OAK,147,276,53.3,1677,6.08,3,13,140
2006,32,9780,Bruce Gradkowski,QB,TB,177,328,54.0,1661,5.06,9,9,128
2006,33,1682,Kurt Warner,QB,ARI,108,168,64.3,1377,8.20,6,5,230
2006,34,478,Trent Green,QB,KC,121,198,61.1,1342,6.78,7,9,168
2006,35,2026,Jeff Garcia,QB,PHI,116,188,61.7,1309,6.96,10,2,164
2006,36,8440,Jason Campbell,QB,WSH,110,207,53.1,1297,6.27,10,6,185
2006,37,393,Drew Bledsoe,QB,DAL,90,169,53.3,1164,6.89,7,8,194
2006,38,4465,Byron Leftwich,QB,JAX,108,183,59.0,1159,6.33,7,5,193
2006,39,1884,Aaron Brooks,QB,OAK,110,192,57.3,1105,5.76,3,8,138
2006,40,9597,Jay Cutler,QB,DEN,81,137,59.1,1001,7.31,9,5,200
2006,41,1762,Daunte Culpepper,QB,MIA,81,134,60.4,929,6.93,2,3,232
2006,42,4568,Seneca Wallace,QB,SEA,82,141,58.2,927,6.57,8,7,116
2006,43,8627,Derek Anderson,QB,CLE,66,117,56.4,793,6.78,5,8,159
2006,44,2343,Tim Rattay,QB,TB,61,101,60.4,748,7.41,4,2,187
2006,45,2655,Chris Weinke,QB,CAR,56,96,58.3,625,6.51,2,4,208
2006,46,4555,Chris Simms,QB,TB,58,106,54.7,585,5.52,1,7,195
2006,47,734,Kerry Collins,QB,TEN,42,90,46.7,549,6.10,1,6,137
2006,48,1490,Charlie Batch,QB,PIT,31,53,58.5,492,9.28,5,0,62
2006,49,4477,Kyle Boller,QB,BAL,33,55,60.0,485,8.82,5,2,97
2006,50,9650,Tarvaris Jackson,QB,MIN,47,81,58.0,475,5.86,2,4,119
2006,51,5051,Cleo Lemon,QB,MIA,38,68,55.9,412,6.06,2,1,103
2006,52,2704,A.J. Feeley,QB,PHI,26,38,68.4,342,9.00,3,0,171
2006,53,2658,Sage Rosenfels,QB,HOU,27,39,69.2,265,6.80,3,1,66
2006,54,1493,Brian Griese,QB,CHI,18,32,56.3,220,6.88,1,2,37
2006,55,531,Jamie Martin,QB,NO,16,24,66.7,208,8.67,1,1,13
2006,55,5615,Matt Schaub,QB,ATL,18,27,66.7,208,7.70,1,2,13
2006,57,4268,Quinn Gray,QB,JAX,13,22,59.1,166,7.55,0,0,83
2006,58,4658,Brooks Bollinger,QB,MIN,13,18,72.2,146,8.11,0,1,73
2006,59,3590,Antwaan Randle El,WR,WSH,2,3,66.7,88,29.33,1,0,6
2006,60,2607,Marques Tuiasosopo,QB,OAK,6,13,46.2,68,5.23,1,2,34
2006,61,9858,Brett Basanez,QB,CAR,6,11,54.5,56,5.09,0,1,56
2006,62,8439,Aaron Rodgers,QB,GB,6,15,40.0,46,3.07,0,0,23
2006,63,1252,Brad Maynard,P,CHI,1,1,100.0,37,37.00,0,0,2
2006,64,8644,Matt Cassel,QB,NE,5,8,62.5,32,4.00,0,0,5
2006,65,2053,Anthony Wright,QB,CIN,3,3,100.0,31,10.33,0,0,8
2006,66,9,Vinny Testaverde,QB,NE,2,3,66.7,29,9.67,1,0,10
2006,67,622,Gus Frerotte,QB,STL,1,3,33.3,27,9.00,0,0,27
2006,68,9671,Brodie Croyle,QB,KC,3,7,42.9,23,3.29,0,2,12
2006,69,2718,Cedrick Wilson,WR,PIT,1,1,100.0,21,21.00,0,0,1
2006,70,2553,LaDainian Tomlinson,RB,SD,2,3,66.7,20,6.67,2,0,1
2006,71,1328,Ryan Longwell,PK,MIN,1,1,100.0,16,16.00,1,0,1
2006,71,10238,Jon Ryan,P,GB,1,1,100.0,16,16.00,0,0,1
2006,73,5644,Mewelde Moore,RB,MIN,1,1,100.0,15,15.00,1,0,1
2006,74,1716,David Akers,PK,PHI,1,1,100.0,11,11.00,0,0,1
2006,75,2440,Billy Volek,QB,TEN/SD,1,2,50.0,4,2.00,0,0,4
2006,76,26,Jeff Feagles,P,NYG,0,1,0.0,0,0.00,0,0,0
2006,76,658,Isaac Bruce,WR,STL,0,1,0.0,0,0.00,0,0,0
2006,76,924,Keyshawn Johnson,WR,CAR,0,1,0.0,0,0.00,0,1,0
2006,76,1042,Joe Horn,WR,NO,0,1,0.0,0,0.00,0,0,0
2006,76,2797,Brian Moorman,P,BUF,0,1,0.0,0,0.00,0,0,0
2006,81,3560,Patrick Ramsey,QB,NYJ,0,1,0.0,0,0.00,0,0,0
2006,81,3734,Ronald Curry,WR,OAK,0,2,0.0,0,0.00,0,1,0
2006,81,4485,Larry Johnson,RB,KC,0,1,0.0,0,0.00,0,0,0
2006,81,4607,Mike Scifres,P,SD,0,1,0.0,0,0.00,0,0,0
2006,81,4655,Arnaz Battle,WR,SF,0,1,0.0,0,0.00,0,0,0
2006,81,4699,Ken Dorsey,QB,CLE,0,1,0.0,0,0.00,0,0,0
2006,81,5538,Lee Evans,WR,BUF,0,1,0.0,0,0.00,0,0,0
2006,81,8417,Ronnie Brown,RB,MIA,0,1,0.0,0,0.00,0,0,0
2006,81,8437,Mark Clayton,WR,BAL,0,1,0.0,0,0.00,0,0,0
2006,81,9270,Joshua Cribbs,WR,CLE,0,1,0.0,0,0.00,0,0,0
2006,81,9291,Ben Graham,P,NYJ,0,1,0.0,0,0.00,0,0,0
2006,81,9410,Carlyle Holiday,WR,GB/ARI,0,1,0.0,0,0.00,0,0,0
2006,81,9588,Reggie Bush,RB,NO,0,1,0.0,0,0.00,0,1,0
2006,81,9635,Kellen Clemens,QB,NYJ,0,1,0.0,0,0.00,0,0,0
2006,81,9665,Jerious Norwood,RB,ATL,0,1,0.0,0,0.00,0,0,0
2006,81,9686,Michael Robinson,FB,SF,0,1,0.0,0,0.00,0,0,0
2006,81,9859,Hank Baskett,WR,PHI,0,1,0.0,0,0.00,0,1,0
2006,98,2138,Thomas Jones,RB,CHI,1,1,100.0,-4,-4.00,0,0,-0
2007,2,2580,Drew Brees,QB,NO,440,652,67.5,4423,6.78,28,18,276
2007,1,2330,Tom Brady,QB,NE,398,578,68.9,4806,8.32,50,8,300
2007,3,5209,Tony Romo,QB,DAL,335,520,64.4,4211,8.10,36,19,263
2007,4,112,Brett Favre,QB,GB,356,535,66.5,4155,7.77,28,15,260
2007,5,4459,Carson Palmer,QB,CIN,373,575,64.9,4131,7.18,26,20,258
2007,6,1383,Jon Kitna,QB,DET,355,561,63.3,4068,7.25,18,20,254
2007,7,1428,Peyton Manning,QB,IND,337,515,65.4,4040,7.85,31,14,253
2007,8,1575,Matt Hasselbeck,QB,SEA,352,562,62.6,3966,7.06,28,12,248
2007,9,8627,Derek Anderson,QB,CLE,298,527,56.5,3787,7.19,29,19,237
2007,10,9597,Jay Cutler,QB,DEN,297,467,63.6,3497,7.49,20,14,219
2007,11,1682,Kurt Warner,QB,ARI,281,451,62.3,3417,7.58,27,17,244
2007,12,5526,Eli Manning,QB,NYG,297,529,56.1,3336,6.31,23,20,209
2007,13,1753,Donovan McNabb,QB,PHI,291,473,61.5,3324,7.03,19,7,237
2007,14,5536,Ben Roethlisberger,QB,PIT,264,404,65.3,3154,7.81,32,11,210
2007,15,5529,Philip Rivers,QB,SD,277,460,60.2,3152,6.85,21,15,197
2007,16,8440,Jason Campbell,QB,WSH,250,417,60.0,2700,6.48,12,11,208
2007,17,9589,Vince Young,QB,TEN,238,382,62.3,2546,6.67,9,17,170
2007,18,3636,David Garrard,QB,JAX,208,325,64.0,2509,7.72,18,3,209
2007,19,2026,Jeff Garcia,QB,TB,209,327,63.9,2440,7.46,13,4,188
2007,20,2299,Marc Bulger,QB,STL,221,378,58.5,2392,6.33,11,15,199
2007,21,1398,Damon Huard,QB,KC,206,332,62.0,2257,6.80,11,13,205
2007,22,5615,Matt Schaub,QB,HOU,192,289,66.4,2241,7.75,9,9,204
2007,23,3531,Joey Harrington,QB,ATL,215,348,61.8,2215,6.37,7,8,185
2007,24,9650,Tarvaris Jackson,QB,MIN,171,294,58.2,1911,6.50,9,12,159
2007,25,1493,Brian Griese,QB,CHI,161,262,61.5,1803,6.88,10,12,258
2007,26,5051,Cleo Lemon,QB,MIA,173,309,56.0,1773,5.74,6,6,197
2007,27,2149,Chad Pennington,QB,NYJ,179,260,68.8,1765,6.79,10,9,196
2007,28,4477,Kyle Boller,QB,BAL,168,275,61.1,1743,6.34,9,10,145
2007,29,2658,Sage Rosenfels,QB,HOU,154,240,64.2,1684,7.02,15,12,187
2007,30,10536,Trent Edwards,QB,BUF,151,269,56.1,1630,6.06,7,8,163
2007,31,9635,Kellen Clemens,QB,NYJ,130,250,52.0,1529,6.12,5,10,153
2007,32,4480,Rex Grossman,QB,CHI,122,225,54.2,1411,6.27,4,7,176
2007,33,1762,Daunte Culpepper,QB,OAK,108,186,58.1,1331,7.16,5,5,190
2007,34,9671,Brodie Croyle,QB,KC,127,224,56.7,1227,5.48,6,6,136
2007,35,5547,J.P. Losman,QB,BUF,111,175,63.4,1204,6.88,4,6,151
2007,36,649,Trent Dilfer,QB,SF,113,219,51.6,1166,5.32,7,12,167
2007,37,3609,Josh McCown,QB,OAK,111,190,58.4,1151,6.06,10,11,128
2007,38,733,Steve McNair,QB,BAL,133,205,64.9,1113,5.43,2,4,186
2007,39,2206,Chris Redman,QB,ATL,89,149,59.7,1079,7.24,10,5,154
2007,40,622,Gus Frerotte,QB,STL,94,167,56.3,1014,6.07,7,12,127
2007,41,5631,Luke McCown,QB,TB,94,139,67.6,1009,7.26,5,3,202
2007,42,478,Trent Green,QB,MIA,85,141,60.3,987,7.00,5,7,197
2007,43,4268,Quinn Gray,QB,JAX,80,144,55.6,986,6.85,10,5,123
2007,44,9,Vinny Testaverde,QB,CAR,94,172,54.7,952,5.54,5,6,136
2007,45,8416,Alex Smith,QB,SF,94,193,48.7,914,4.74,2,4,131
2007,46,735,Todd Collins,QB,WSH,67,105,63.8,888,8.46,5,0,222
2007,47,11128,Matt Moore,QB,CAR,63,111,56.8,730,6.58,3,5,81
2007,48,2704,A.J. Feeley,QB,PHI,59,103,57.3,681,6.61,5,8,227
2007,49,9596,Matt Leinart,QB,ARI,60,112,53.6,647,5.78,2,4,129
2007,50,3529,David Carr,QB,CAR,73,136,53.7,635,4.67,3,5,106
2007,51,1693,Jake Delhomme,QB,CAR,55,86,64.0,624,7.26,8,1,208
2007,52,10484,John Beck,QB,MIA,60,107,56.1,559,5.22,1,3,112
2007,53,734,Kerry Collins,QB,TEN,50,82,61.0,531,6.48,0,0,89
2007,54,1162,Kelly Holcomb,QB,MIN,42,83,50.6,515,6.21,2,1,172
2007,55,4260,Shaun Hill,QB,SF,54,79,68.4,501,6.34,5,1,167
2007,56,8520,Kyle Orton,QB,CHI,43,80,53.8,478,5.98,3,2,159
2007,57,10617,Troy Smith,QB,BAL,40,76,52.6,452,5.95,2,0,113
2007,58,4658,Brooks Bollinger,QB,MIN,33,50,66.0,391,7.82,1,1,78
2007,59,10446,JaMarcus Russell,QB,OAK,36,66,54.5,373,5.65,2,4,93
2007,60,4465,Byron Leftwich,QB,ATL,32,58,55.2,279,4.81,1,2,93
2007,61,3560,Patrick Ramsey,QB,DEN,29,48,60.4,262,5.46,1,1,131
2007,62,1490,Charlie Batch,QB,PIT,17,36,47.2,232,6.44,2,3,33
2007,63,8439,Aaron Rodgers,QB,GB,20,28,71.4,218,7.79,1,0,109
2007,64,4568,Seneca Wallace,QB,SEA,19,28,67.9,215,7.68,2,1,22
2007,65,2343,Tim Rattay,QB,ARI,15,27,55.6,164,6.07,3,3,41
2007,66,10152,Brock Berlin,QB,STL,17,28,60.7,153,5.46,0,1,153
2007,67,3745,J.T. O'Sullivan,QB,DET,13,26,50.0,148,5.69,1,2,37
2007,68,5718,Jim Sorgi,QB,IND,18,36,50.0,132,3.67,1,0,33
2007,69,9780,Bruce Gradkowski,QB,TB,13,24,54.2,130,5.42,0,1,33
2007,70,2655,Chris Weinke,QB,SF,13,22,59.1,104,4.73,1,0,52
2007,71,10488,Sidney Rice,WR,MIN,2,2,100.0,94,47.00,0,0,7
2007,72,3692,Craig Nall,QB,BUF/GB/HOU,7,15,46.7,88,5.87,1,0,88
2007,73,331,Brad Johnson,QB,DAL,7,11,63.6,79,7.18,0,0,5
2007,74,10466,Brady Quinn,QB,CLE,3,8,37.5,45,5.63,0,0,45
2007,75,10660,Tyler Thigpen,QB,KC,2,6,33.3,41,6.83,0,1,41
2007,76,8483,Andrew Walter,QB,OAK,5,8,62.5,38,4.75,0,0,38
2007,76,8644,Matt Cassel,QB,NE,4,7,57.1,38,5.43,0,1,6
2007,78,9703,Leon Washington,RB,NYJ,1,1,100.0,36,36.00,0,0,2
2007,79,8481,Charlie Frye,QB,CLE/SEA,4,10,40.0,34,3.40,0,1,34
2007,80,10556,Daniel Sepulveda,P,PIT,1,1,100.0,32,32.00,0,0,2
2007,81,6094,Jared Lorenzen,QB,NYG,4,8,50.0,28,3.50,0,0,14
2007,82,9296,Chris Kluwe,P,MIN,1,1,100.0,27,27.00,0,0,2
2007,83,3590,Antwaan Randle El,WR,WSH,1,2,50.0,19,9.50,0,0,1
2007,84,2553,LaDainian Tomlinson,RB,SD,1,1,100.0,17,17.00,1,0,1
2007,85,3579,Clinton Portis,RB,WSH,1,1,100.0,15,15.00,1,0,1
2007,85,10764,Matt Gutierrez,QB,NE,1,1,100.0,15,15.00,0,0,3
2007,87,2053,Anthony Wright,QB,NYG,1,7,14.3,12,1.71,0,0,4
2007,88,3776,Adrian Peterson,RB,CHI,1,1,100.0,9,9.00,1,0,1
2007,89,10456,Marshawn Lynch,RB,BUF,1,1,100.0,8,8.00,1,0,1
2007,90,2440,Billy Volek,QB,SD,3,10,30.0,6,0.60,0,1,1
2007,91,5549,Steven Jackson,RB,STL,1,1,100.0,2,2.00,1,0,0
2007,92,1831,Marty Booker,WR,MIA,0,1,0.0,0,0.00,0,0,0
2007,92,3734,Ronald Curry,WR,OAK,0,1,0.0,0,0.00,0,0,0
2007,92,3784,Chester Taylor,RB,MIN,0,1,0.0,0,0.00,0,0,0
2007,92,4485,Larry Johnson,RB,KC,0,1,0.0,0,0.00,0,0,0
2007,92,5412,Greg Lewis,WR,PHI,0,1,0.0,0,0.00,0,0,0
2007,92,5644,Mewelde Moore,RB,MIN,0,1,0.0,0,0.00,0,0,0
2007,92,5880,Willie Parker,RB,PIT,0,1,0.0,0,0.00,0,0,0
2007,92,8437,Mark Clayton,WR,BAL,0,1,0.0,0,0.00,0,0,0
2007,92,9354,Robbie Gould,PK,CHI,0,1,0.0,0,0.00,0,0,0
2007,92,9689,Brad Smith,WR,NYJ,0,1,0.0,0,0.00,0,0,0
2008,1,2580,Drew Brees,QB,NO,413,635,65.0,5069,7.98,34,17,317
2008,2,1682,Kurt Warner,QB,ARI,401,598,67.1,4583,7.66,30,14,286
2008,3,9597,Jay Cutler,QB,DEN,384,616,62.3,4526,7.35,25,18,283
2008,4,8439,Aaron Rodgers,QB,GB,341,536,63.6,4038,7.53,28,13,252
2008,5,5529,Philip Rivers,QB,SD,312,478,65.3,4009,8.39,34,11,251
2008,6,1428,Peyton Manning,QB,IND,371,555,66.8,4002,7.21,27,12,250
2008,7,1753,Donovan McNabb,QB,PHI,345,571,60.4,3916,6.86,23,11,245
2008,8,8644,Matt Cassel,QB,NE,327,516,63.4,3693,7.16,21,11,231
2008,9,2149,Chad Pennington,QB,MIA,321,476,67.4,3653,7.67,19,7,228
2008,10,3636,David Garrard,QB,JAX,335,535,62.6,3620,6.77,15,13,226
2008,11,112,Brett Favre,QB,NYJ,343,522,65.7,3472,6.65,22,22,217
2008,12,5209,Tony Romo,QB,DAL,276,450,61.3,3448,7.66,26,14,265
2008,13,11237,Matt Ryan,QB,ATL,265,434,61.1,3440,7.93,16,11,215
2008,14,5536,Ben Roethlisberger,QB,PIT,281,469,59.9,3301,7.04,17,15,206
2008,15,1693,Jake Delhomme,QB,CAR,246,414,59.4,3288,7.94,15,12,206
2008,16,8440,Jason Campbell,QB,WSH,315,506,62.3,3245,6.41,13,6,203
2008,17,5526,Eli Manning,QB,NYG,289,479,60.3,3238,6.76,21,10,202
2008,18,5615,Matt Schaub,QB,HOU,251,380,66.1,3043,8.01,15,10,277
2008,19,8520,Kyle Orton,QB,CHI,272,465,58.5,2972,6.39,18,12,198
2008,20,11252,Joe Flacco,QB,BAL,257,428,60.0,2971,6.94,14,12,186
2008,21,2299,Marc Bulger,QB,STL,251,440,57.0,2720,6.18,11,13,181
2008,22,2026,Jeff Garcia,QB,TB,244,376,64.9,2712,7.21,12,6,226
2008,23,10536,Trent Edwards,QB,BUF,245,374,65.5,2699,7.22,11,10,193
2008,24,734,Kerry Collins,QB,TEN,242,415,58.3,2676,6.45,12,7,167
2008,25,10660,Tyler Thigpen,QB,KC,230,420,54.8,2608,6.21,18,12,186
2008,26,10446,JaMarcus Russell,QB,OAK,198,368,53.8,2423,6.58,13,8,162
2008,27,622,Gus Frerotte,QB,MIN,178,301,59.1,2157,7.17,12,15,196
2008,28,4260,Shaun Hill,QB,SF,181,288,62.8,2046,7.10,13,8,227
2008,29,8664,Ryan Fitzpatrick,QB,CIN,221,372,59.4,1905,5.12,8,9,147
2008,30,3745,J.T. O'Sullivan,QB,SF,128,220,58.2,1678,7.63,8,11,186
2008,31,8559,Dan Orlovsky,QB,DET,143,255,56.1,1616,6.34,8,8,162
2008,32,8627,Derek Anderson,QB,CLE,142,283,50.2,1615,5.71,9,8,162
2008,33,4568,Seneca Wallace,QB,SEA,141,242,58.3,1532,6.33,11,3,153
2008,34,2658,Sage Rosenfels,QB,HOU,116,174,66.7,1431,8.22,6,10,239
2008,35,1575,Matt Hasselbeck,QB,SEA,109,209,52.2,1216,5.82,5,10,174
2008,36,1493,Brian Griese,QB,TB,110,184,59.8,1073,5.83,5,7,215
2008,37,9650,Tarvaris Jackson,QB,MIN,88,149,59.1,1056,7.09,9,2,117
2008,38,1762,Daunte Culpepper,QB,DET,60,115,52.2,786,6.84,4,6,157
2008,39,1383,Jon Kitna,QB,DET,68,120,56.7,758,6.32,5,5,190
2008,40,4459,Carson Palmer,QB,CIN,75,129,58.1,731,5.67,3,4,183
2008,41,5547,J.P. Losman,QB,BUF,63,104,60.6,584,5.62,2,5,117
2008,42,478,Trent Green,QB,STL,38,72,52.8,525,7.29,0,6,175
2008,43,10466,Brady Quinn,QB,CLE,45,89,50.6,518,5.82,2,2,173
2008,44,1398,Damon Huard,QB,KC,50,81,61.7,477,5.89,2,4,95
2008,45,331,Brad Johnson,QB,DAL,41,78,52.6,427,5.47,2,5,27
2008,46,4699,Ken Dorsey,QB,CLE,43,91,47.3,370,4.07,0,7,93
2008,47,4465,Byron Leftwich,QB,PIT,21,36,58.3,303,8.42,2,0,61
2008,48,9596,Matt Leinart,QB,ARI,15,29,51.7,264,9.10,1,1,66
2008,49,4480,Rex Grossman,QB,CHI,32,62,51.6,257,4.15,2,2,64
2008,50,9589,Vince Young,QB,TEN,22,36,61.1,219,6.08,1,2,73
2008,51,8483,Andrew Walter,QB,OAK,22,49,44.9,204,4.16,0,3,102
2008,52,5718,Jim Sorgi,QB,IND,22,30,73.3,178,5.93,0,0,178
2008,53,9671,Brodie Croyle,QB,KC,20,29,69.0,151,5.21,0,0,76
2008,54,10480,Kevin Kolb,QB,PHI,17,34,50.0,144,4.24,0,4,24
2008,55,10487,Drew Stanton,QB,DET,9,17,52.9,119,7.00,1,0,40
2008,56,3529,David Carr,QB,NYG,9,12,75.0,115,9.58,2,0,38
2008,57,8481,Charlie Frye,QB,SEA,12,23,52.2,83,3.61,2,2,42
2008,58,10617,Troy Smith,QB,BAL,3,4,75.0,82,20.50,1,0,14
2008,59,2330,Tom Brady,QB,NE,7,11,63.6,76,6.91,0,0,76
2008,59,4268,Quinn Gray,QB,KC,7,8,87.5,76,9.50,1,0,76
2008,61,4658,Brooks Bollinger,QB,DAL,10,17,58.8,71,4.18,1,1,36
2008,62,11291,Chad Henne,QB,MIA,7,12,58.3,67,5.58,0,0,22
2008,63,3590,Antwaan Randle El,WR,WSH,3,4,75.0,46,11.50,1,0,3
2008,64,4527,Jason Witten,TE,DAL,1,1,100.0,42,42.00,0,0,3
2008,65,8417,Ronnie Brown,RB,MIA,2,3,66.7,41,13.67,1,0,3
2008,65,10648,Jordan Palmer,QB,CIN,7,12,58.3,41,3.42,0,2,14
2008,67,8453,Mark Bradley,WR,CHI/KC,1,1,100.0,37,37.00,1,0,4
2008,68,8437,Mark Clayton,WR,BAL,1,1,100.0,32,32.00,1,0,2
2008,69,9635,Kellen Clemens,QB,NYJ,3,5,60.0,26,5.20,0,1,13
2008,69,9780,Bruce Gradkowski,QB,CLE,7,21,33.3,26,1.24,0,3,13
2008,71,11328,Kevin O'Connell,QB,NE,4,6,66.7,23,3.83,0,0,12
2008,72,4650,Drew Henson,QB,DET,1,2,50.0,20,10.00,0,0,10
2008,73,2797,Brian Moorman,P,BUF,1,1,100.0,19,19.00,1,0,1
2008,73,3560,Patrick Ramsey,QB,DEN,2,3,66.7,19,6.33,0,0,19
2008,75,5286,Jerheme Urban,WR,ARI,1,1,100.0,18,18.00,0,0,1
2008,75,9689,Brad Smith,WR,NYJ,1,2,50.0,18,9.00,0,0,1
2008,77,2417,Dane Looker,WR,STL,2,3,66.7,17,5.67,0,0,1
2008,78,4341,Dirk Johnson,P,ARI,1,1,100.0,10,10.00,0,0,1
2008,79,9270,Joshua Cribbs,WR,CLE,1,4,25.0,8,2.00,0,0,1
2008,79,10544,Michael Bush,RB,OAK,1,2,50.0,8,4.00,0,0,1
2008,81,4555,Chris Simms,QB,TEN,1,2,50.0,7,3.50,0,0,7
2008,82,10152,Brock Berlin,QB,STL,1,3,33.3,6,2.00,0,0,6
2008,82,11443,Matt Flynn,QB,GB,2,5,40.0,6,1.20,0,0,1
2008,84,9730,Marques Hagans,WR,KC,1,1,100.0,5,5.00,0,0,3
2008,85,2607,Marques Tuiasosopo,QB,OAK,1,2,50.0,4,2.00,0,0,2
2008,85,3784,Chester Taylor,RB,MIN,1,1,100.0,4,4.00,1,0,0
2008,85,4485,Larry Johnson,RB,KC,1,1,100.0,4,4.00,1,0,0
2008,88,4950,Earnest Graham,RB,TB,1,1,100.0,3,3.00,1,0,0
2008,88,11390,Dennis Dixon,QB,PIT,1,1,100.0,3,3.00,0,0,3
2008,90,658,Isaac Bruce,WR,SF,0,1,0.0,0,0.00,0,0,0
2008,90,838,Matt Turk,P,HOU,0,1,0.0,0,0.00,0,0,0
2008,90,1252,Brad Maynard,P,CHI,0,1,0.0,0,0.00,0,0,0
2008,90,2284,Dante Hall,WR,STL,0,1,0.0,0,0.00,0,0,0
2008,90,5051,Cleo Lemon,QB,JAX,0,2,0.0,0,0.00,0,0,0
2008,90,5631,Luke McCown,QB,TB,0,1,0.0,0,0.00,0,0,0
2008,90,5741,Patrick Crayton,WR,DAL,0,1,0.0,0,0.00,0,0,0
2008,90,5749,Donnie Jones,P,STL,0,1,0.0,0,0.00,0,0,0
2008,90,8458,J.J. Arrington,RB,ARI,0,1,0.0,0,0.00,0,0,0
2008,90,9400,Lance Moore,WR,NO,0,1,0.0,0,0.00,0,1,0
2008,90,10488,Sidney Rice,WR,MIN,0,1,0.0,0,0.00,0,0,0
2008,90,11276,Eddie Royal,WR,DEN,0,1,0.0,0,0.00,0,0,0
2008,90,11283,DeSean Jackson,WR,PHI,0,1,0.0,0,0.00,0,1,0
2008,103,1798,Kevin Faulk,RB,NE,1,1,100.0,-2,-2.00,0,0,-0
2009,1,5615,Matt Schaub,QB,HOU,396,583,67.9,4770,8.18,29,15,298
2009,2,1428,Peyton Manning,QB,IND,393,571,68.8,4500,7.88,33,16,281
2009,3,5209,Tony Romo,QB,DAL,347,550,63.1,4483,8.15,26,9,280
2009,4,8439,Aaron Rodgers,QB,GB,350,541,64.7,4434,8.20,30,7,277
2009,5,2330,Tom Brady,QB,NE,371,565,65.7,4398,7.78,28,13,275
2009,6,2580,Drew Brees,QB,NO,363,514,70.6,4388,8.54,34,11,293
2009,7,5536,Ben Roethlisberger,QB,PIT,337,506,66.6,4328,8.55,26,12,289
2009,8,5529,Philip Rivers,QB,SD,317,486,65.2,4254,8.75,28,9,266
2009,9,112,Brett Favre,QB,MIN,363,531,68.4,4202,7.91,33,7,263
2009,10,5526,Eli Manning,QB,NYG,317,509,62.3,4021,7.90,27,14,251
2009,11,8520,Kyle Orton,QB,DEN,336,541,62.1,3802,7.03,21,12,238
2009,12,1682,Kurt Warner,QB,ARI,339,513,66.1,3753,7.32,26,14,250
2009,13,9597,Jay Cutler,QB,CHI,336,555,60.5,3666,6.61,27,26,229
2009,14,8440,Jason Campbell,QB,WSH,327,507,64.5,3618,7.14,20,15,226
2009,15,11252,Joe Flacco,QB,BAL,315,499,63.1,3613,7.24,21,12,226
2009,16,3636,David Garrard,QB,JAX,314,516,60.9,3597,6.97,15,10,225
2009,17,1753,Donovan McNabb,QB,PHI,267,443,60.3,3553,8.02,22,10,254
2009,18,4459,Carson Palmer,QB,CIN,282,466,60.5,3094,6.64,21,13,193
2009,19,1575,Matt Hasselbeck,QB,SEA,293,488,60.0,3029,6.21,17,17,216
2009,20,8644,Matt Cassel,QB,KC,271,493,55.0,2924,5.93,16,16,195
2009,21,11237,Matt Ryan,QB,ATL,263,451,58.3,2916,6.47,22,14,208
2009,22,11291,Chad Henne,QB,MIA,274,451,60.8,2878,6.38,12,14,206
2009,23,12482,Mark Sanchez,QB,NYJ,196,364,53.8,2444,6.71,12,20,163
2009,24,8416,Alex Smith,QB,SF,225,372,60.5,2350,6.32,18,12,214
2009,25,12483,Matthew Stafford,QB,DET,201,377,53.3,2267,6.01,13,20,227
2009,26,1693,Jake Delhomme,QB,CAR,178,321,55.5,2015,6.28,8,18,183
2009,27,9589,Vince Young,QB,TEN,152,259,58.7,1879,7.26,10,7,157
2009,28,12473,Josh Freeman,QB,TB,158,290,54.5,1855,6.40,10,18,186
2009,29,2299,Marc Bulger,QB,STL,140,247,56.7,1469,5.95,5,6,163
2009,30,8664,Ryan Fitzpatrick,QB,BUF,127,227,55.9,1422,6.26,9,10,142
2009,31,10466,Brady Quinn,QB,CLE,136,256,53.1,1339,5.23,8,7,134
2009,32,10446,JaMarcus Russell,QB,OAK,120,246,48.8,1287,5.23,3,11,107
2009,33,734,Kerry Collins,QB,TEN,119,216,55.1,1225,5.67,6,8,175
2009,34,10536,Trent Edwards,QB,BUF,110,183,60.1,1169,6.39,6,7,146
2009,35,11128,Matt Moore,QB,CAR,85,138,61.6,1053,7.63,8,2,150
2009,36,9780,Bruce Gradkowski,QB,OAK,82,150,54.7,1007,6.71,6,3,144
2009,37,1762,Daunte Culpepper,QB,DET,89,157,56.7,945,6.02,3,6,118
2009,38,4260,Shaun Hill,QB,SF,87,155,56.1,943,6.08,5,2,157
2009,39,4477,Kyle Boller,QB,STL,98,176,55.7,899,5.11,3,6,128
2009,40,8627,Derek Anderson,QB,CLE,81,182,44.5,888,4.88,3,10,111
2009,41,2206,Chris Redman,QB,ATL,69,119,58.0,781,6.56,4,3,130
2009,42,10480,Kevin Kolb,QB,PHI,62,96,64.6,741,7.72,4,3,148
2009,43,4568,Seneca Wallace,QB,SEA,78,120,65.0,700,5.83,3,2,54
2009,44,11394,Josh Johnson,QB,TB,63,125,50.4,685,5.48,4,8,114
2009,45,4465,Byron Leftwich,QB,TB,58,107,54.2,594,5.55,4,3,198
2009,46,8481,Charlie Frye,QB,OAK,53,87,60.9,581,6.68,1,4,194
2009,47,12709,Keith Null,QB,STL,73,119,61.3,566,4.76,3,9,142
2009,48,9596,Matt Leinart,QB,ARI,51,77,66.2,435,5.65,0,3,54
2009,49,2149,Chad Pennington,QB,MIA,51,74,68.9,413,5.58,1,2,138
2009,50,10487,Drew Stanton,QB,DET,26,51,51.0,259,5.08,0,6,86
2009,51,2440,Billy Volek,QB,SD,20,31,64.5,231,7.45,1,1,58
2009,52,9671,Brodie Croyle,QB,KC,23,40,57.5,230,5.75,2,0,77
2009,53,3529,David Carr,QB,NYG,21,33,63.6,225,6.82,1,0,38
2009,54,9650,Tarvaris Jackson,QB,MIN,14,21,66.7,201,9.57,1,0,25
2009,55,11290,Brian Brohm,QB,BUF,17,29,58.6,146,5.03,0,2,73
2009,56,11390,Dennis Dixon,QB,PIT,12,26,46.2,145,5.58,1,1,145
2009,57,735,Todd Collins,QB,WSH,12,23,52.2,144,6.26,0,0,48
2009,58,12477,Brian Hoyer,QB,NE,19,27,70.4,142,5.26,0,0,28
2009,59,9635,Kellen Clemens,QB,NYJ,13,26,50.0,125,4.81,0,0,13
2009,60,445,Mark Brunell,QB,NO,15,30,50.0,102,3.40,0,1,6
2009,61,2549,Michael Vick,QB,PHI,6,13,46.2,86,6.62,1,0,7
2009,62,10660,Tyler Thigpen,QB,KC/MIA,4,8,50.0,83,10.38,1,2,83
2009,62,12479,Curtis Painter,QB,IND,8,28,28.6,83,2.96,0,2,42
2009,64,11443,Matt Flynn,QB,GB,7,12,58.3,58,4.83,0,1,4
2009,65,10238,Jon Ryan,P,SEA,1,1,100.0,42,42.00,0,0,3
2009,66,3745,J.T. O'Sullivan,QB,CIN,4,11,36.4,40,3.64,0,0,13
2009,67,4680,Josh Brown,PK,STL,1,1,100.0,36,36.00,1,0,2
2009,68,1963,Hunter Smith,P,WSH,1,2,50.0,35,17.50,1,1,3
2009,69,4480,Rex Grossman,QB,HOU,3,9,33.3,33,3.67,0,1,33
2009,70,9689,Brad Smith,WR,NYJ,1,1,100.0,27,27.00,0,0,2
2009,70,10195,Fred Jackson,RB,BUF,1,1,100.0,27,27.00,1,0,2
2009,72,8453,Mark Bradley,WR,KC,1,1,100.0,26,26.00,0,0,2
2009,73,2797,Brian Moorman,P,BUF,1,1,100.0,25,25.00,1,0,2
2009,74,10617,Troy Smith,QB,BAL,5,9,55.6,24,2.67,0,1,6
2009,75,4555,Chris Simms,QB,DEN,5,17,29.4,23,1.35,0,1,8
2009,76,8417,Ronnie Brown,RB,MIA,2,6,33.3,22,3.67,1,0,2
2009,76,9616,Joseph Addai,RB,IND,1,1,100.0,22,22.00,1,0,1
2009,78,10615,Legedu Naanee,WR,SD,1,1,100.0,21,21.00,0,0,1
2009,79,9270,Joshua Cribbs,WR,CLE,1,4,25.0,18,4.50,0,1,1
2009,80,1490,Charlie Batch,QB,PIT,1,2,50.0,17,8.50,0,0,17
2009,81,4621,Brian St. Pierre,QB,ARI,2,4,50.0,12,3.00,1,1,12
2009,82,11540,Caleb Hanie,QB,CHI,3,7,42.9,11,1.57,0,1,6
2009,83,1440,Phil Dawson,PK,CLE,1,1,100.0,10,10.00,0,0,1
2009,84,5644,Mewelde Moore,RB,PIT,1,1,100.0,6,6.00,1,0,0
2009,85,10764,Matt Gutierrez,QB,KC,1,1,100.0,3,3.00,0,0,3
2009,86,3609,Josh McCown,QB,CAR,1,6,16.7,2,0.33,0,0,2
2009,86,5631,Luke McCown,QB,JAX,1,3,33.3,2,0.67,0,0,1
2009,88,1252,Brad Maynard,P,CHI,1,1,100.0,0,0.00,0,0,0
2009,88,1756,Ricky Williams,RB,MIA,0,1,0.0,0,0.00,0,1,0
2009,88,2553,LaDainian Tomlinson,RB,SD,0,1,0.0,0,0.00,0,0,0
2009,88,2578,Reggie Wayne,WR,IND,0,1,0.0,0,0.00,0,1,0
2009,88,3579,Clinton Portis,RB,WSH,0,1,0.0,0,0.00,0,0,0
2009,88,3619,Brian Westbrook,RB,PHI,0,1,0.0,0,0.00,0,0,0
2009,88,4341,Dirk Johnson,P,TB,0,1,0.0,0,0.00,0,0,0
2009,88,4551,Chris Brown,RB,HOU,0,1,0.0,0,0.00,0,1,0
2009,88,5540,Michael Clayton,WR,TB,0,1,0.0,0,0.00,0,0,0
2009,88,5547,J.P. Losman,QB,OAK,0,1,0.0,0,0.00,0,0,0
2009,88,8418,Braylon Edwards,WR,CLE/NYJ,0,1,0.0,0,0.00,0,0,0
2009,88,8437,Mark Clayton,WR,BAL,1,1,100.0,0,0.00,0,0,0
2009,88,9611,Santonio Holmes,WR,PIT,0,1,0.0,0,0.00,0,1,0
2009,88,10127,Steve Weatherford,P,NYJ,0,1,0.0,0,0.00,0,1,0
2009,88,10327,Micheal Spurlock,WR,SF/TB,0,1,0.0,0,0.00,0,0,0
2009,88,10488,Sidney Rice,WR,MIN,0,1,0.0,0,0.00,0,0,0
2009,88,10544,Michael Bush,RB,OAK,0,1,0.0,0,0.00,0,0,0
2009,88,10848,Tim Castille,RB,KC,0,1,0.0,0,0.00,0,1,0
2009,88,11258,Chris Johnson,RB,TEN,0,1,0.0,0,0.00,0,0,0
2009,88,11289,Ray Rice,RB,BAL,0,1,0.0,0,0.00,0,0,0
2009,88,12485,Pat White,QB,MIA,0,5,0.0,0,0.00,0,0,0
2010,1,5529,Philip Rivers,QB,SD,357,541,66.0,4710,8.71,30,13,294
2010,2,1428,Peyton Manning,QB,IND,450,679,66.3,4700,6.92,33,17,294
2010,3,2580,Drew Brees,QB,NO,448,658,68.1,4620,7.02,33,22,289
2010,4,5615,Matt Schaub,QB,HOU,365,574,63.6,4370,7.61,24,12,273
2010,5,5526,Eli Manning,QB,NYG,339,539,62.9,4002,7.43,31,25,250
2010,6,4459,Carson Palmer,QB,CIN,362,586,61.8,3970,6.78,26,20,248
2010,7,8439,Aaron Rodgers,QB,GB,312,475,65.7,3922,8.26,28,11,261
2010,8,2330,Tom Brady,QB,NE,324,492,65.9,3900,7.93,36,4,244
2010,9,11237,Matt Ryan,QB,ATL,357,571,62.5,3705,6.49,28,9,232
2010,10,8520,Kyle Orton,QB,DEN,293,498,58.8,3653,7.34,20,9,281
2010,11,11252,Joe Flacco,QB,BAL,306,489,62.6,3622,7.41,25,10,226
2010,12,13197,Sam Bradford,QB,STL,354,590,60.0,3512,5.95,18,15,220
2010,13,12473,Josh Freeman,QB,TB,291,474,61.4,3451,7.28,25,6,216
2010,14,1753,Donovan McNabb,QB,WSH,275,472,58.3,3377,7.16,14,15,260
2010,15,11291,Chad Henne,QB,MIA,301,490,61.4,3301,6.74,15,19,220
2010,16,12482,Mark Sanchez,QB,NYJ,278,507,54.8,3291,6.49,17,13,206
2010,17,9597,Jay Cutler,QB,CHI,261,432,60.4,3274,7.58,23,16,218
2010,18,5536,Ben Roethlisberger,QB,PIT,240,389,61.7,3200,8.23,17,5,267
2010,19,8644,Matt Cassel,QB,KC,262,450,58.2,3116,6.92,27,7,208
2010,20,2549,Michael Vick,QB,PHI,233,372,62.6,3018,8.11,21,6,252
2010,21,1575,Matt Hasselbeck,QB,SEA,266,444,59.9,3001,6.76,12,17,214
2010,22,8664,Ryan Fitzpatrick,QB,BUF,255,441,57.8,3000,6.80,23,15,231
2010,23,3636,David Garrard,QB,JAX,236,366,64.5,2734,7.47,23,15,195
2010,24,4260,Shaun Hill,QB,DET,257,416,61.8,2686,6.46,16,12,244
2010,25,112,Brett Favre,QB,MIN,217,358,60.6,2509,7.01,11,19,193
2010,26,8440,Jason Campbell,QB,OAK,194,329,59.0,2387,7.26,13,8,184
2010,27,8416,Alex Smith,QB,SF,204,342,59.6,2370,6.93,14,10,215
2010,28,1383,Jon Kitna,QB,DAL,209,318,65.7,2365,7.44,16,12,237
2010,29,8627,Derek Anderson,QB,ARI,169,327,51.7,2065,6.32,7,10,172
2010,30,734,Kerry Collins,QB,TEN,160,278,57.6,1823,6.56,14,8,182
2010,31,5209,Tony Romo,QB,DAL,148,213,69.5,1605,7.54,11,7,268
2010,32,13199,Colt McCoy,QB,CLE,135,222,60.8,1576,7.10,6,9,197
2010,33,13198,Jimmy Clausen,QB,CAR,157,299,52.5,1558,5.21,3,9,120
2010,34,9589,Vince Young,QB,TEN,93,156,59.6,1255,8.05,10,3,139
2010,35,10480,Kevin Kolb,QB,PHI,115,189,60.8,1197,6.33,7,7,171
2010,36,10617,Troy Smith,QB,SF,73,145,50.3,1176,8.11,5,4,196
2010,37,9780,Bruce Gradkowski,QB,OAK,83,157,52.9,1059,6.75,5,7,177
2010,38,4480,Rex Grossman,QB,WSH,74,133,55.6,884,6.65,7,4,221
2010,39,1693,Jake Delhomme,QB,CLE,93,149,62.4,872,5.85,2,7,174
2010,40,11128,Matt Moore,QB,CAR,79,143,55.2,857,5.99,5,10,143
2010,41,10487,Drew Stanton,QB,DET,69,119,58.0,780,6.56,4,3,130
2010,42,4568,Seneca Wallace,QB,CLE,64,101,63.4,694,6.87,4,2,87
2010,43,13458,John Skelton,QB,ARI,60,126,47.6,662,5.25,2,2,132
2010,44,13200,Tim Tebow,QB,DEN,41,82,50.0,654,7.98,5,3,73
2010,45,12483,Matthew Stafford,QB,DET,57,96,59.4,535,5.57,6,1,178
2010,46,9667,Charlie Whitehurst,QB,SEA,57,99,57.6,507,5.12,2,3,85
2010,47,13484,Joe Webb,QB,MIN,54,89,60.7,477,5.36,0,3,95
2010,48,10660,Tyler Thigpen,QB,MIA,33,62,53.2,435,7.02,2,2,87
2010,49,11443,Matt Flynn,QB,GB,40,66,60.6,433,6.56,3,2,62
2010,50,13576,Max Hall,QB,ARI,39,78,50.0,370,4.74,1,6,62
2010,51,1490,Charlie Batch,QB,PIT,29,49,59.2,352,7.18,3,3,117
2010,52,9650,Tarvaris Jackson,QB,MIN,34,58,58.6,341,5.88,3,4,114
2010,53,10536,Trent Edwards,QB,BUF/JAX,26,49,53.1,280,5.71,1,3,93
2010,54,11390,Dennis Dixon,QB,PIT,22,32,68.8,254,7.94,0,1,127
2010,55,10536,Trent Edwards,QB,BUF/JAX,29,52,55.8,241,4.64,1,2,121
2010,56,12478,Stephen McGee,QB,DAL,22,44,50.0,238,5.41,2,0,119
2010,57,1417,Todd Bouman,QB,JAX,18,34,52.9,222,6.53,2,2,222
2010,58,13459,Rusty Smith,QB,TEN,20,40,50.0,200,5.00,0,4,100
2010,59,4621,Brian St. Pierre,QB,CAR,13,28,46.4,173,6.18,1,2,173
2010,60,10971,Richard Bartel,QB,ARI,16,28,57.1,150,5.36,0,1,150
2010,61,12477,Brian Hoyer,QB,NE,7,15,46.7,122,8.13,1,1,24
2010,62,5631,Luke McCown,QB,JAX,11,19,57.9,120,6.32,0,0,120
2010,63,445,Mark Brunell,QB,NYJ,7,13,53.8,117,9.00,2,1,59
2010,64,11394,Josh Johnson,QB,TB,14,16,87.5,111,6.94,0,0,10
2010,65,11290,Brian Brohm,QB,BUF,10,23,43.5,106,4.61,0,3,106
2010,66,735,Todd Collins,QB,CHI,10,27,37.0,68,2.52,0,5,34
2010,67,3529,David Carr,QB,SF,5,13,38.5,67,5.15,0,1,67
2010,68,11540,Caleb Hanie,QB,CHI,5,7,71.4,55,7.86,0,0,28
2010,69,13201,Tony Pike,QB,CAR,6,12,50.0,47,3.92,0,0,47
2010,70,3590,Antwaan Randle El,WR,PIT,2,2,100.0,42,21.00,2,0,3
2010,70,4465,Byron Leftwich,QB,PIT,5,7,71.4,42,6.00,0,0,42
2010,72,9671,Brodie Croyle,QB,KC,8,19,42.1,38,2.00,0,1,19
2010,73,10719,Tyler Palko,QB,KC,4,6,66.7,35,5.83,0,0,18
2010,74,12581,Mohamed Massaquoi,WR,CLE,1,1,100.0,29,29.00,1,0,2
2010,75,4607,Mike Scifres,P,SD,1,1,100.0,28,28.00,0,0,2
2010,75,9686,Michael Robinson,FB,SEA,1,1,100.0,28,28.00,0,0,3
2010,77,4477,Kyle Boller,QB,OAK,2,4,50.0,25,6.25,0,1,5
2010,78,13319,Levi Brown,QB,BUF,2,3,66.7,24,8.00,0,1,24
2010,79,2206,Chris Redman,QB,ATL,4,6,66.7,20,3.33,0,0,10
2010,80,2149,Chad Pennington,QB,MIA,1,2,50.0,19,9.50,0,0,19
2010,81,9270,Joshua Cribbs,WR,CLE,2,3,66.7,19,6.33,0,0,1
2010,82,10648,Jordan Palmer,QB,CIN,3,3,100.0,18,6.00,0,0,18
2010,83,10585,Steve Breaston,WR,ARI,1,2,50.0,17,8.50,0,0,1
2010,84,12471,Chase Daniel,QB,NO,2,3,66.7,16,5.33,0,0,1
2010,85,9789,Sam Koch,P,BAL,1,1,100.0,13,13.00,0,0,1
2010,85,11461,Peyton Hillis,RB,CLE,1,2,50.0,13,6.50,0,0,1
2010,87,2440,Billy Volek,QB,SD,1,1,100.0,8,8.00,0,0,3
2010,88,9635,Kellen Clemens,QB,NYJ,1,2,50.0,6,3.00,0,0,6
2010,88,9689,Brad Smith,WR,NYJ,2,3,66.7,6,2.00,1,0,0
2010,90,4950,Earnest Graham,RB,TB,1,1,100.0,2,2.00,1,0,0
2010,91,2584,Chad Johnson,WR,CIN,0,1,0.0,0,0.00,0,0,0
2010,91,5741,Patrick Crayton,WR,SD,0,1,0.0,0,0.00,0,0,0
2010,91,8417,Ronnie Brown,RB,MIA,0,2,0.0,0,0.00,0,0,0
2010,91,8523,Marion Barber,RB,DAL,0,1,0.0,0,0.00,0,0,0
2010,91,9646,Maurice Jones-Drew,RB,JAX,0,1,0.0,0,0.00,0,1,0
2010,91,9705,Brandon Marshall,WR,MIA,0,1,0.0,0,0.00,0,0,0
2010,91,10327,Micheal Spurlock,WR,TB,0,3,0.0,0,0.00,0,0,0
2010,91,11238,Darren McFadden,RB,OAK,0,1,0.0,0,0.00,0,0,0
2010,91,12021,Stefan Logan,WR,DET,0,1,0.0,0,0.00,0,0,0
2010,91,12576,Brandon LaFell,WR,CAR,0,1,0.0,0,0.00,0,0,0
2010,91,13205,Jahvid Best,RB,DET,0,1,0.0,0,0.00,0,0,0
2010,91,13275,Armanti Edwards,WR,CAR,1,1,100.0,0,0.00,0,0,0
2010,103,4512,Anquan Boldin,WR,BAL,1,1,100.0,-6,-6.00,0,0,-0
2011,1,2580,Drew Brees,QB,NO,468,657,71.2,5476,8.34,46,14,342
2011,2,2330,Tom Brady,QB,NE,401,611,65.6,5235,8.57,39,12,327
2011,3,12483,Matthew Stafford,QB,DET,421,663,63.5,5038,7.60,41,16,315
2011,4,5526,Eli Manning,QB,NYG,359,589,61.0,4933,8.38,29,16,308
2011,5,8439,Aaron Rodgers,QB,GB,343,502,68.3,4643,9.25,45,6,310
2011,6,5529,Philip Rivers,QB,SD,366,582,62.9,4624,7.95,27,20,289
2011,7,5209,Tony Romo,QB,DAL,346,522,66.3,4184,8.02,31,10,262
2011,8,11237,Matt Ryan,QB,ATL,347,566,61.3,4177,7.38,29,12,261
2011,9,5536,Ben Roethlisberger,QB,PIT,324,513,63.2,4077,7.95,21,14,272
2011,10,13994,Cam Newton,QB,CAR,310,517,60.0,4051,7.84,21,17,253
2011,11,8664,Ryan Fitzpatrick,QB,BUF,353,569,62.0,3832,6.74,24,23,240
2011,12,11252,Joe Flacco,QB,BAL,312,542,57.6,3610,6.66,20,12,226
2011,13,12473,Josh Freeman,QB,TB,346,551,62.8,3592,6.52,16,22,239
2011,14,1575,Matt Hasselbeck,QB,TEN,319,518,61.6,3571,6.89,18,14,223
2011,15,12482,Mark Sanchez,QB,NYJ,308,543,56.7,3474,6.40,26,18,217
2011,16,14012,Andy Dalton,QB,CIN,300,516,58.1,3398,6.59,20,13,212
2011,17,2549,Michael Vick,QB,PHI,253,423,59.8,3303,7.81,18,14,254
2011,18,4480,Rex Grossman,QB,WSH,265,458,57.9,3151,6.88,16,20,242
2011,19,8416,Alex Smith,QB,SF,273,445,61.3,3144,7.07,17,5,197
2011,20,9650,Tarvaris Jackson,QB,SEA,271,450,60.2,3091,6.87,14,13,206
2011,21,4459,Carson Palmer,QB,OAK,199,328,60.7,2753,8.39,13,16,275
2011,22,13199,Colt McCoy,QB,CLE,265,463,57.2,2733,5.90,14,11,210
2011,23,11128,Matt Moore,QB,MIA,210,347,60.5,2497,7.20,16,9,192
2011,24,5615,Matt Schaub,QB,HOU,178,292,61.0,2479,8.49,15,6,248
2011,25,9597,Jay Cutler,QB,CHI,182,314,58.0,2319,7.39,13,7,232
2011,26,13987,Blaine Gabbert,QB,JAX,210,413,50.8,2214,5.36,12,11,148
2011,27,13197,Sam Bradford,QB,STL,191,357,53.5,2164,6.06,6,6,216
2011,28,10480,Kevin Kolb,QB,ARI,146,253,57.7,1955,7.73,9,8,217
2011,29,13458,John Skelton,QB,ARI,151,275,54.9,1913,6.96,11,14,239
2011,30,13966,Christian Ponder,QB,MIN,158,291,54.3,1853,6.37,13,13,168
2011,31,13200,Tim Tebow,QB,DEN,126,271,46.5,1729,6.38,12,6,124
2011,32,8644,Matt Cassel,QB,KC,160,269,59.5,1713,6.37,10,9,190
2011,33,12479,Curtis Painter,QB,IND,132,243,54.3,1541,6.34,6,9,171
2011,34,8559,Dan Orlovsky,QB,IND,122,193,63.2,1201,6.22,6,4,150
2011,35,8440,Jason Campbell,QB,OAK,100,165,60.6,1170,7.09,6,4,195
2011,36,1753,Donovan McNabb,QB,MIN,94,156,60.3,1026,6.58,4,2,171
2011,37,8520,Kyle Orton,QB,DEN/KC,91,155,58.7,979,6.32,8,7,196
2011,38,14114,T.J. Yates,QB,HOU,82,134,61.2,949,7.08,3,3,158
2011,39,11291,Chad Henne,QB,MIA,64,112,57.1,868,7.75,4,4,217
2011,40,9589,Vince Young,QB,PHI,66,114,57.9,866,7.60,4,9,144
2011,41,10484,John Beck,QB,WSH,80,132,60.6,858,6.50,2,4,215
2011,42,10719,Tyler Palko,QB,KC,80,134,59.7,796,5.94,2,7,133
2011,43,8520,Kyle Orton,QB,DEN/KC,59,97,60.8,779,8.03,1,2,195
2011,44,11540,Caleb Hanie,QB,CHI,51,102,50.0,613,6.01,3,9,102
2011,45,4568,Seneca Wallace,QB,CLE,55,107,51.4,567,5.30,2,2,95
2011,46,2704,A.J. Feeley,QB,STL,53,97,54.6,548,5.65,1,2,110
2011,47,9635,Kellen Clemens,QB,STL,48,91,52.7,546,6.00,2,1,182
2011,48,13969,Jake Locker,QB,TEN,34,66,51.5,542,8.21,4,0,108
2011,49,11443,Matt Flynn,QB,GB,33,49,67.3,518,10.57,6,2,104
2011,50,734,Kerry Collins,QB,IND,48,98,49.0,481,4.91,2,1,160
2011,51,3609,Josh McCown,QB,CHI,35,55,63.6,414,7.53,2,4,138
2011,52,13484,Joe Webb,QB,MIN,34,63,54.0,376,5.97,3,2,34
2011,53,9667,Charlie Whitehurst,QB,SEA,27,56,48.2,298,5.32,1,1,99
2011,54,5631,Luke McCown,QB,JAX,30,56,53.6,296,5.29,0,4,74
2011,55,11394,Josh Johnson,QB,TB,19,36,52.8,246,6.83,1,2,27
2011,56,1693,Jake Delhomme,QB,HOU,18,28,64.3,211,7.54,1,0,211
2011,57,1490,Charlie Batch,QB,PIT,15,24,62.5,208,8.67,0,1,52
2011,58,2206,Chris Redman,QB,ATL,18,28,64.3,188,6.71,0,1,38
2011,59,12478,Stephen McGee,QB,DAL,24,38,63.2,182,4.79,1,0,182
2011,60,4477,Kyle Boller,QB,OAK,15,28,53.6,161,5.75,0,3,81
2011,61,9780,Bruce Gradkowski,QB,CIN,8,18,44.4,109,6.06,1,1,55
2011,62,13397,Mike Kafka,QB,PHI,11,16,68.8,107,6.69,0,2,27
2011,63,1383,Jon Kitna,QB,DAL,6,10,60.0,87,8.70,1,2,29
2011,64,10971,Richard Bartel,QB,ARI,10,22,45.5,86,3.91,1,1,43
2011,65,5547,J.P. Losman,QB,MIA,6,10,60.0,60,6.00,0,0,30
2011,66,9596,Matt Leinart,QB,HOU,10,13,76.9,57,4.39,1,0,29
2011,67,10488,Sidney Rice,WR,SEA,1,1,100.0,55,55.00,0,0,6
2011,68,4780,Brandon Banks,WR,WSH,1,1,100.0,49,49.00,1,0,3
2011,69,14151,Jeremy Kerley,WR,NYJ,1,1,100.0,41,41.00,0,0,3
2011,70,2273,Shane Lechler,P,OAK,1,3,33.3,35,11.67,1,0,2
2011,70,14001,Colin Kaepernick,QB,SF,3,5,60.0,35,7.00,0,0,12
2011,72,4260,Shaun Hill,QB,DET,2,3,66.7,33,11.00,0,0,17
2011,72,10556,Daniel Sepulveda,P,PIT,1,1,100.0,33,33.00,0,0,4
2011,74,12471,Chase Daniel,QB,NO,4,5,80.0,29,5.80,0,0,2
2011,75,445,Mark Brunell,QB,NYJ,1,3,33.3,27,9.00,0,0,2
2011,75,10615,Legedu Naanee,WR,CAR,1,1,100.0,27,27.00,0,0,2
2011,77,10660,Tyler Thigpen,QB,BUF,3,8,37.5,25,3.13,0,1,8
2011,78,12477,Brian Hoyer,QB,NE,1,1,100.0,22,22.00,0,0,7
2011,79,14163,Tyrod Taylor,QB,BAL,1,1,100.0,18,18.00,0,0,6
2011,80,13295,Emmanuel Sanders,WR,PIT,1,1,100.0,15,15.00,0,0,1
2011,81,1716,David Akers,PK,SF,1,1,100.0,14,14.00,1,0,1
2011,82,13275,Armanti Edwards,WR,CAR,1,1,100.0,11,11.00,0,0,1
2011,83,11289,Ray Rice,RB,BAL,1,1,100.0,1,1.00,1,0,0
2011,84,4582,Brandon Lloyd,WR,DEN/STL,0,1,0.0,0,0.00,0,0,0
2011,84,9665,Jerious Norwood,RB,STL,0,1,0.0,0,0.00,0,1,0
2011,84,9689,Brad Smith,WR,BUF,0,1,0.0,0,0.00,0,1,0
2011,84,10327,Micheal Spurlock,WR,TB,0,1,0.0,0,0.00,0,0,0
2011,84,10456,Marshawn Lynch,RB,SEA,0,2,0.0,0,0.00,0,0,0
2011,84,10545,Adam Podlesh,P,CHI,0,1,0.0,0,0.00,0,0,0
2011,84,11278,Matt Forte,RB,CHI,0,1,0.0,0,0.00,0,0,0
2011,84,12466,Tom Brandstater,QB,STL,0,2,0.0,0,0.00,0,0,0
2011,84,12724,Bernard Scott,RB,CIN,0,1,0.0,0,0.00,0,0,0
2011,84,12773,Britton Colquitt,P,DEN,0,1,0.0,0,0.00,0,0,0
2011,84,13216,Demaryius Thomas,WR,DEN,0,1,0.0,0,0.00,0,0,0
2011,84,13271,Eric Decker,WR,DEN,0,1,0.0,0,0.00,0,0,0
2011,84,14053,Randall Cobb,WR,GB,0,1,0.0,0,0.00,0,0,0
2011,84,14260,Chas Henry,P,PHI,0,1,0.0,0,0.00,0,0,0
2012,1,2580,Drew Brees,QB,NO,422,670,63.0,5177,7.73,43,19,324
2012,2,12483,Matthew Stafford,QB,DET,435,727,59.8,4967,6.83,20,17,310
2012,3,5209,Tony Romo,QB,DAL,425,648,65.6,4903,7.57,28,19,306
2012,4,2330,Tom Brady,QB,NE,401,637,63.0,4827,7.58,34,8,302
2012,5,11237,Matt Ryan,QB,ATL,422,615,68.6,4719,7.67,32,14,295
2012,6,1428,Peyton Manning,QB,DEN,400,583,68.6,4659,7.99,37,11,291
2012,7,14874,Andrew Luck,QB,IND,339,627,54.1,4374,6.98,23,18,273
2012,8,8439,Aaron Rodgers,QB,GB,371,552,67.2,4295,7.78,39,8,268
2012,9,12473,Josh Freeman,QB,TB,306,558,54.8,4065,7.29,27,17,254
2012,10,4459,Carson Palmer,QB,OAK,345,565,61.1,4018,7.11,22,14,268
2012,11,5615,Matt Schaub,QB,HOU,350,544,64.3,4008,7.37,22,12,251
2012,12,5526,Eli Manning,QB,NYG,321,536,59.9,3948,7.37,26,15,247
2012,13,13994,Cam Newton,QB,CAR,280,485,57.7,3869,7.98,19,12,242
2012,14,11252,Joe Flacco,QB,BAL,317,531,59.7,3817,7.19,22,10,239
2012,15,13197,Sam Bradford,QB,STL,328,551,59.5,3702,6.72,21,13,231
2012,16,14012,Andy Dalton,QB,CIN,329,528,62.3,3669,6.95,27,16,229
2012,17,5529,Philip Rivers,QB,SD,338,527,64.1,3606,6.84,26,15,225
2012,18,8664,Ryan Fitzpatrick,QB,BUF,306,505,60.6,3400,6.73,24,16,213
2012,19,14878,Brandon Weeden,QB,CLE,297,517,57.4,3385,6.55,14,17,226
2012,20,14876,Ryan Tannehill,QB,MIA,282,484,58.3,3294,6.81,12,13,206
2012,21,5536,Ben Roethlisberger,QB,PIT,284,449,63.3,3265,7.27,26,8,251
2012,22,14875,Robert Griffin,QB,WSH,258,393,65.6,3200,8.14,20,5,213
2012,23,14881,Russell Wilson,QB,SEA,252,393,64.1,3118,7.93,26,10,195
2012,24,9597,Jay Cutler,QB,CHI,255,434,58.8,3033,6.99,19,14,202
2012,25,13966,Christian Ponder,QB,MIN,300,483,62.1,2935,6.08,18,12,183
2012,26,12482,Mark Sanchez,QB,NYJ,246,453,54.3,2883,6.36,13,18,192
2012,27,2549,Michael Vick,QB,PHI,204,351,58.1,2362,6.73,12,10,236
2012,28,13969,Jake Locker,QB,TEN,177,314,56.4,2176,6.93,10,11,198
2012,29,11291,Chad Henne,QB,JAX,166,308,53.9,2084,6.77,11,11,208
2012,30,14001,Colin Kaepernick,QB,SF,136,218,62.4,1814,8.32,10,3,140
2012,31,8644,Matt Cassel,QB,KC,161,277,58.1,1796,6.48,6,12,200
2012,32,8416,Alex Smith,QB,SF,153,218,70.2,1737,7.97,13,5,174
2012,33,14877,Nick Foles,QB,PHI,161,265,60.8,1699,6.41,6,5,243
2012,34,13987,Blaine Gabbert,QB,JAX,162,278,58.3,1662,5.98,9,6,166
2012,35,1575,Matt Hasselbeck,QB,TEN,138,221,62.4,1367,6.19,7,5,171
2012,36,10480,Kevin Kolb,QB,ARI,109,183,59.6,1169,6.39,8,3,195
2012,37,10466,Brady Quinn,QB,KC,112,197,56.9,1141,5.79,2,8,114
2012,38,13458,John Skelton,QB,ARI,109,201,54.2,1132,5.63,2,9,162
2012,39,14883,Ryan Lindley,QB,ARI,89,171,52.0,752,4.40,0,7,125
2012,40,1490,Charlie Batch,QB,PIT,45,70,64.3,475,6.79,1,4,238
2012,41,14880,Kirk Cousins,QB,WSH,33,48,68.8,466,9.71,4,3,155
2012,42,12477,Brian Hoyer,QB,ARI/PIT,30,53,56.6,330,6.23,1,2,165
2012,43,4465,Byron Leftwich,QB,PIT,25,53,47.2,272,5.13,0,1,136
2012,44,8440,Jason Campbell,QB,CHI,32,51,62.7,265,5.20,2,2,44
2012,45,14101,Greg McElroy,QB,NYJ,19,31,61.3,214,6.90,1,1,107
2012,46,13606,Thad Lewis,QB,CLE,22,32,68.8,204,6.38,1,1,204
2012,47,14163,Tyrod Taylor,QB,BAL,17,29,58.6,179,6.17,0,1,26
2012,48,4260,Shaun Hill,QB,DET,10,13,76.9,172,13.23,2,0,172
2012,49,14851,Terrelle Pryor,QB,OAK,14,30,46.7,155,5.17,2,1,52
2012,50,11128,Matt Moore,QB,MIA,11,19,57.9,131,6.90,1,0,66
2012,51,9596,Matt Leinart,QB,OAK,16,33,48.5,115,3.49,0,1,58
2012,52,8520,Kyle Orton,QB,DAL,9,10,90.0,89,8.90,1,0,89
2012,53,13199,Colt McCoy,QB,CLE,9,17,52.9,79,4.65,1,0,26
2012,54,14922,Mohamed Sanu,WR,CIN,1,1,100.0,73,73.00,1,0,8
2012,55,11443,Matt Flynn,QB,SEA,5,9,55.6,68,7.56,0,0,23
2012,56,9780,Bruce Gradkowski,QB,CIN,5,11,45.5,65,5.91,0,0,33
2012,57,8627,Derek Anderson,QB,CAR,4,4,100.0,58,14.50,0,0,29
2012,58,8559,Dan Orlovsky,QB,TB,4,7,57.1,51,7.29,0,0,51
2012,59,14151,Jeremy Kerley,WR,NYJ,1,1,100.0,42,42.00,0,0,3
2012,59,15153,Johnny Hekker,P,STL,3,3,100.0,42,14.00,1,0,3
2012,61,9635,Kellen Clemens,QB,STL,1,3,33.3,39,13.00,0,1,20
2012,61,13200,Tim Tebow,QB,NYJ,6,8,75.0,39,4.88,0,0,3
2012,63,14114,T.J. Yates,QB,HOU,4,10,40.0,38,3.80,0,1,10
2012,64,13459,Rusty Smith,QB,TEN,3,5,60.0,34,6.80,0,0,34
2012,65,10660,Tyler Thigpen,QB,BUF,3,5,60.0,30,6.00,0,0,8
2012,66,13489,Mike Williams,WR,TB,1,1,100.0,28,28.00,0,0,2
2012,67,12998,Tim Masthay,P,GB,1,2,50.0,27,13.50,1,0,2
2012,68,10488,Sidney Rice,WR,SEA,1,2,50.0,25,12.50,0,0,2
2012,69,13217,Golden Tate,WR,SEA,1,1,100.0,23,23.00,1,0,2
2012,70,12475,Graham Harrell,QB,GB,2,4,50.0,20,5.00,0,0,5
2012,71,3529,David Carr,QB,NYG,2,3,66.7,19,6.33,0,0,10
2012,72,14037,Ryan Mallett,QB,NE,1,4,25.0,17,4.25,0,1,4
2012,73,10536,Trent Edwards,QB,PHI,2,2,100.0,14,7.00,0,0,14
2012,74,14879,Brock Osweiler,QB,DEN,2,4,50.0,12,3.00,0,0,2
2012,75,12471,Chase Daniel,QB,NO,1,1,100.0,10,10.00,0,0,1
2012,76,2273,Shane Lechler,P,OAK,1,1,100.0,4,4.00,0,0,0
2012,77,9689,Brad Smith,WR,BUF,0,1,0.0,0,0.00,0,1,0
2012,77,10668,Brandon Fields,P,MIA,0,1,0.0,0,0.00,0,0,0
2012,77,11122,Matt Prater,PK,DEN,0,1,0.0,0,0.00,0,0,0
2012,77,11408,Josh Morgan,WR,WSH,0,1,0.0,0,0.00,0,0,0
2012,81,11461,Peyton Hillis,RB,KC,0,1,0.0,0,0.00,0,0,0
2012,81,13275,Armanti Edwards,WR,CAR,0,1,0.0,0,0.00,0,0,0
2012,81,13934,Antonio Brown,WR,PIT,0,2,0.0,0,0.00,0,1,0
2012,81,13935,Danario Alexander,WR,SD,0,1,0.0,0,0.00,0,0,0
2012,81,14924,T.Y. Hilton,WR,IND,0,1,0.0,0,0.00,0,0,0
2013,1,1428,Peyton Manning,QB,DEN,450,659,68.3,5477,8.31,55,10,342
2013,2,2580,Drew Brees,QB,NO,446,650,68.6,5162,7.94,39,12,323
2013,3,12483,Matthew Stafford,QB,DET,371,634,58.5,4650,7.33,29,19,291
2013,4,11237,Matt Ryan,QB,ATL,439,651,67.4,4515,6.94,26,17,282
2013,5,5529,Philip Rivers,QB,SD,378,544,69.5,4478,8.23,32,11,280
2013,6,2330,Tom Brady,QB,NE,380,628,60.5,4343,6.92,25,11,271
2013,7,14012,Andy Dalton,QB,CIN,363,586,61.9,4293,7.33,33,20,268
2013,8,4459,Carson Palmer,QB,ARI,362,572,63.3,4274,7.47,24,22,267
2013,9,5536,Ben Roethlisberger,QB,PIT,375,584,64.2,4261,7.30,28,14,266
2013,10,14876,Ryan Tannehill,QB,MIA,355,588,60.4,3913,6.66,24,17,245
2013,11,11252,Joe Flacco,QB,BAL,362,614,59.0,3912,6.37,19,22,245
2013,12,5209,Tony Romo,QB,DAL,342,535,63.9,3828,7.16,31,10,255
2013,13,14874,Andrew Luck,QB,IND,343,570,60.2,3822,6.71,23,9,239
2013,14,5526,Eli Manning,QB,NYG,317,551,57.5,3818,6.93,18,27,239
2013,15,13994,Cam Newton,QB,CAR,292,473,61.7,3379,7.14,24,13,211
2013,16,14881,Russell Wilson,QB,SEA,257,407,63.1,3357,8.25,26,9,210
2013,17,8416,Alex Smith,QB,KC,308,508,60.6,3313,6.52,23,7,221
2013,18,11291,Chad Henne,QB,JAX,305,503,60.6,3241,6.44,13,14,216
2013,19,14875,Robert Griffin,QB,WSH,274,456,60.1,3203,7.02,16,12,246
2013,20,14001,Colin Kaepernick,QB,SF,243,416,58.4,3197,7.69,21,8,200
2013,21,15864,Geno Smith,QB,NYJ,247,443,55.8,3046,6.88,12,21,190
2013,22,14877,Nick Foles,QB,PHI,203,317,64.0,2891,9.12,27,2,222
2013,23,9597,Jay Cutler,QB,CHI,224,355,63.1,2621,7.38,19,12,238
2013,24,15837,Mike Glennon,QB,TB,247,416,59.4,2608,6.27,19,9,201
2013,25,8439,Aaron Rodgers,QB,GB,193,290,66.6,2536,8.75,17,6,282
2013,26,8664,Ryan Fitzpatrick,QB,TEN,217,350,62.0,2454,7.01,14,12,223
2013,27,5615,Matt Schaub,QB,HOU,219,358,61.2,2310,6.45,10,14,231
2013,28,8440,Jason Campbell,QB,CLE,180,317,56.8,2015,6.36,11,8,224
2013,29,15803,EJ Manuel,QB,BUF,180,306,58.8,1972,6.44,11,9,197
2013,30,3609,Josh McCown,QB,CHI,149,224,66.5,1829,8.17,13,1,229
2013,31,8644,Matt Cassel,QB,MIN,153,254,60.2,1807,7.11,11,9,201
2013,32,14851,Terrelle Pryor,QB,OAK,156,272,57.4,1798,6.61,7,11,163
2013,33,15168,Case Keenum,QB,HOU,137,253,54.2,1760,6.96,9,6,220
2013,34,14878,Brandon Weeden,QB,CLE,141,267,52.8,1731,6.48,9,9,216
2013,35,13197,Sam Bradford,QB,STL,159,262,60.7,1687,6.44,14,4,241
2013,36,9635,Kellen Clemens,QB,STL,142,242,58.7,1673,6.91,8,7,167
2013,37,13966,Christian Ponder,QB,MIN,152,239,63.6,1648,6.90,7,9,183
2013,38,16593,Matt McGloin,QB,OAK,118,211,55.9,1547,7.33,8,8,221
2013,39,13969,Jake Locker,QB,TEN,111,183,60.7,1256,6.86,8,4,179
2013,40,2549,Michael Vick,QB,PHI,77,141,54.6,1215,8.62,5,3,174
2013,41,11443,Matt Flynn,QB,GB/OAK,102,166,61.4,1146,6.90,7,4,229
2013,42,13606,Thad Lewis,QB,BUF,93,157,59.2,1092,6.96,4,3,182
2013,43,14880,Kirk Cousins,QB,WSH,81,155,52.3,854,5.51,4,7,171
2013,44,14353,Scott Tolzien,QB,GB,55,90,61.1,717,7.97,1,5,239
2013,45,12477,Brian Hoyer,QB,CLE,57,96,59.4,615,6.41,5,3,205
2013,46,12473,Josh Freeman,QB,MIN/TB,43,94,45.7,571,6.07,2,3,190
2013,47,13987,Blaine Gabbert,QB,JAX,42,86,48.8,481,5.59,1,7,160
2013,48,8520,Kyle Orton,QB,DAL,33,51,64.7,398,7.80,2,2,133
2013,49,16237,Jeff Tuel,QB,BUF,26,59,44.1,309,5.24,1,3,155
2013,50,15948,Matt Barkley,QB,PHI,30,49,61.2,300,6.12,0,4,100
2013,51,12471,Chase Daniel,QB,KC,25,38,65.8,248,6.53,1,1,50
2013,52,11443,Matt Flynn,QB,GB/OAK,22,34,64.7,246,7.24,1,1,123
2013,53,12473,Josh Freeman,QB,MIN/TB,20,53,37.7,190,3.59,0,1,190
2013,54,15407,Matt Simms,QB,NYJ,16,31,51.6,156,5.03,1,1,52
2013,55,9650,Tarvaris Jackson,QB,SEA,10,13,76.9,151,11.62,1,0,50
2013,56,4568,Seneca Wallace,QB,GB,16,24,66.7,139,5.79,0,1,70
2013,57,1575,Matt Hasselbeck,QB,IND,7,12,58.3,130,10.83,0,1,43
2013,58,14114,T.J. Yates,QB,HOU,15,22,68.2,113,5.14,0,2,38
2013,59,14879,Brock Osweiler,QB,DEN,11,16,68.8,95,5.94,0,0,24
2013,60,12479,Curtis Painter,QB,NYG,8,16,50.0,57,3.56,0,2,19
2013,61,11128,Matt Moore,QB,MIA,2,6,33.3,53,8.83,0,2,53
2013,62,9270,Joshua Cribbs,WR,NYJ,2,3,66.7,38,12.67,0,0,6
2013,63,15162,Dominique Davis,QB,ATL,5,7,71.4,34,4.86,0,0,34
2013,64,5096,Mat McBriar,P,PIT,1,1,100.0,30,30.00,0,0,3
2013,64,14129,Bilal Powell,RB,NYJ,1,1,100.0,30,30.00,0,0,2
2013,66,14922,Mohamed Sanu,WR,CIN,1,1,100.0,25,25.00,0,0,2
2013,67,11717,Marcel Reece,FB,OAK,1,1,100.0,22,22.00,0,0,1
2013,68,16022,Ace Sanders,WR,JAX,1,1,100.0,21,21.00,1,0,1
2013,69,13980,Patrick Peterson,CB,ARI,1,1,100.0,17,17.00,0,0,1
2013,70,11238,Darren McFadden,RB,OAK,1,1,100.0,16,16.00,1,0,2
2013,71,13934,Antonio Brown,WR,PIT,1,1,100.0,15,15.00,0,0,1
2013,72,13199,Colt McCoy,QB,SF,1,1,100.0,13,13.00,0,0,3
2013,73,14342,Spencer Lanning,P,CLE,1,1,100.0,11,11.00,1,0,1
2013,74,9646,Maurice Jones-Drew,RB,JAX,1,1,100.0,8,8.00,1,0,1
2013,75,14163,Tyrod Taylor,QB,BAL,1,5,20.0,2,0.40,0,1,1
2013,75,15968,Mike James,RB,TB,1,1,100.0,2,2.00,1,0,0
2013,77,5528,Larry Fitzgerald,WR,ARI,0,1,0.0,0,0.00,0,0,0
2013,77,5631,Luke McCown,QB,NO,0,1,0.0,0,0.00,0,0,0
2013,77,9263,Michael Koenen,P,TB,0,2,0.0,0,0.00,0,0,0
2013,77,9689,Brad Smith,WR,PHI,0,1,0.0,0,0.00,0,0,0
2013,81,14151,Jeremy Kerley,WR,NYJ,0,1,0.0,0,0.00,0,0,0
2013,81,15113,Josh Bush,DB,NYJ,0,1,0.0,0,0.00,0,0,0
2013,81,15153,Johnny Hekker,P,STL,0,1,0.0,0,0.00,0,0,0
2013,81,15501,Bobby Rainey,RB,CLE/TB,0,1,0.0,0,0.00,0,0,0
2013,81,15786,Tavon Austin,WR,STL,0,1,0.0,0,0.00,0,0,0
2013,81,15951,Denard Robinson,RB,JAX,0,1,0.0,0,0.00,0,0,0
2013,87,13448,Shann Schillinger,DB,ATL/TEN,1,1,100.0,-8,-8.00,0,0,-2
2014,1,2580,Drew Brees,QB,NO,456,659,69.2,4952,7.51,33,17,310
2014,1,5536,Ben Roethlisberger,QB,PIT,408,608,67.1,4952,8.15,32,9,310
2014,3,14874,Andrew Luck,QB,IND,380,616,61.7,4761,7.73,40,16,298
2014,4,1428,Peyton Manning,QB,DEN,395,597,66.2,4727,7.92,39,15,295
2014,5,11237,Matt Ryan,QB,ATL,415,628,66.1,4694,7.48,28,14,293
2014,6,5526,Eli Manning,QB,NYG,379,601,63.1,4410,7.34,30,14,276
2014,7,8439,Aaron Rodgers,QB,GB,341,520,65.6,4381,8.43,38,5,274
2014,8,5529,Philip Rivers,QB,SD,379,570,66.5,4286,7.52,31,18,268
2014,9,12483,Matthew Stafford,QB,DET,363,602,60.3,4257,7.07,22,12,266
2014,10,2330,Tom Brady,QB,NE,373,582,64.1,4109,7.06,33,9,257
2014,11,14876,Ryan Tannehill,QB,MIA,392,590,66.4,4045,6.86,27,12,253
2014,12,11252,Joe Flacco,QB,BAL,344,554,62.1,3986,7.20,27,12,249
2014,13,9597,Jay Cutler,QB,CHI,370,561,66.0,3812,6.80,28,18,254
2014,14,5209,Tony Romo,QB,DAL,304,435,69.9,3705,8.52,34,9,247
2014,15,14881,Russell Wilson,QB,SEA,285,452,63.1,3475,7.69,20,7,217
2014,16,14012,Andy Dalton,QB,CIN,309,481,64.2,3398,7.06,19,17,212
2014,17,14001,Colin Kaepernick,QB,SF,289,478,60.5,3369,7.05,19,10,211
2014,18,12477,Brian Hoyer,QB,CLE,242,438,55.3,3326,7.59,12,13,238
2014,19,16757,Derek Carr,QB,OAK,348,599,58.1,3270,5.46,21,12,204
2014,20,8416,Alex Smith,QB,KC,303,464,65.3,3265,7.04,18,6,218
2014,21,13994,Cam Newton,QB,CAR,262,448,58.5,3127,6.98,18,12,223
2014,22,8520,Kyle Orton,QB,BUF,287,447,64.2,3018,6.75,18,10,252
2014,23,16728,Teddy Bridgewater,QB,MIN,259,402,64.4,2919,7.26,14,12,225
2014,24,16724,Blake Bortles,QB,JAX,280,475,58.9,2908,6.12,11,17,208
2014,25,15864,Geno Smith,QB,NYJ,219,367,59.7,2525,6.88,13,13,180
2014,26,8664,Ryan Fitzpatrick,QB,HOU,197,312,63.1,2483,7.96,17,8,207
2014,27,12482,Mark Sanchez,QB,PHI,198,309,64.1,2418,7.83,14,11,269
2014,28,3609,Josh McCown,QB,TB,184,327,56.3,2206,6.75,11,14,201
2014,29,14877,Nick Foles,QB,PHI,186,311,59.8,2163,6.96,13,10,270
2014,30,15187,Austin Davis,QB,STL,180,284,63.4,2001,7.05,12,9,200
2014,31,10487,Drew Stanton,QB,ARI,132,240,55.0,1711,7.13,7,5,190
2014,32,14880,Kirk Cousins,QB,WSH,126,204,61.8,1710,8.38,10,9,285
2014,33,14875,Robert Griffin,QB,WSH,147,214,68.7,1694,7.92,4,6,188
2014,34,4260,Shaun Hill,QB,STL,145,229,63.3,1657,7.24,8,7,184
2014,35,4459,Carson Palmer,QB,ARI,141,224,62.9,1626,7.26,11,3,271
2014,36,15837,Mike Glennon,QB,TB,117,203,57.6,1417,6.98,10,6,236
2014,37,16814,Zach Mettenberger,QB,TEN,107,179,59.8,1412,7.89,8,7,202
2014,38,9667,Charlie Whitehurst,QB,TEN,105,185,56.8,1326,7.17,7,2,189
2014,39,13199,Colt McCoy,QB,WSH,91,128,71.1,1057,8.26,4,3,211
2014,40,13969,Jake Locker,QB,TEN,86,146,58.9,993,6.80,5,7,142
2014,41,15803,EJ Manuel,QB,BUF,76,131,58.0,838,6.40,5,3,168
2014,42,8627,Derek Anderson,QB,CAR,65,97,67.0,701,7.23,5,0,117
2014,43,2549,Michael Vick,QB,NYJ,64,121,52.9,604,4.99,3,2,60
2014,44,14883,Ryan Lindley,QB,ARI,45,93,48.4,562,6.04,2,4,187
2014,45,11291,Chad Henne,QB,JAX,42,78,53.8,492,6.31,3,1,164
2014,46,15168,Case Keenum,QB,STL/HOU,45,77,58.4,435,5.65,2,2,218
2014,47,8644,Matt Cassel,QB,MIN,41,71,57.7,425,5.99,3,4,142
2014,48,14037,Ryan Mallett,QB,HOU,41,75,54.7,400,5.33,2,2,133
2014,49,14878,Brandon Weeden,QB,DAL,24,41,58.5,303,7.39,3,2,61
2014,50,1575,Matt Hasselbeck,QB,IND,30,44,68.2,301,6.84,2,0,75
2014,51,13198,Jimmy Clausen,QB,CHI,26,48,54.2,223,4.65,2,1,56
2014,52,13966,Christian Ponder,QB,MIN,22,44,50.0,222,5.05,0,2,111
2014,53,16760,Jimmy Garoppolo,QB,NE,19,27,70.4,182,6.74,1,0,30
2014,54,17247,Connor Shaw,QB,CLE,14,28,50.0,177,6.32,0,1,177
2014,55,16736,Johnny Manziel,QB,CLE,18,35,51.4,175,5.00,0,2,35
2014,56,12471,Chase Daniel,QB,KC,16,28,57.1,157,5.61,0,0,52
2014,57,16593,Matt McGloin,QB,OAK,12,19,63.2,129,6.79,1,2,129
2014,58,16943,Tom Savage,QB,HOU,10,19,52.6,127,6.68,0,1,64
2014,59,16813,Logan Thomas,QB,ARI,1,9,11.1,81,9.00,1,0,41
2014,60,14922,Mohamed Sanu,WR,CIN,3,3,100.0,79,26.33,1,0,5
2014,61,8440,Jason Campbell,QB,CIN,11,19,57.9,74,3.90,0,0,19
2014,62,11443,Matt Flynn,QB,GB,8,16,50.0,66,4.13,0,1,9
2014,63,14114,T.J. Yates,QB,ATL,3,4,75.0,64,16.00,0,1,64
2014,64,15891,Ryan Nassib,QB,NYG,4,5,80.0,60,12.00,0,0,15
2014,65,5615,Matt Schaub,QB,OAK,5,10,50.0,57,5.70,0,2,5
2014,66,14879,Brock Osweiler,QB,DEN,4,10,40.0,52,5.20,1,0,13
2014,67,15407,Matt Simms,QB,NYJ,3,8,37.5,39,4.88,0,0,39
2014,68,13987,Blaine Gabbert,QB,SF,3,7,42.9,38,5.43,1,0,38
2014,68,15616,Ryan Quigley,P,NYJ,1,1,100.0,38,38.00,0,0,2
2014,70,15153,Johnny Hekker,P,STL,2,2,100.0,37,18.50,0,0,2
2014,71,14184,Cecil Shorts III,WR,JAX,2,2,100.0,32,16.00,1,0,2
2014,72,15928,Sam Martin,P,DET,2,2,100.0,27,13.50,0,0,2
2014,73,15213,Robert Golden,S,PIT,1,1,100.0,25,25.00,0,0,2
2014,74,11128,Matt Moore,QB,MIA,2,4,50.0,21,5.25,0,0,11
2014,75,13934,Antonio Brown,WR,PIT,2,2,100.0,20,10.00,1,0,1
2014,76,14950,Bryan Anger,P,JAX,1,1,100.0,19,19.00,0,0,1
2014,77,15428,Jermaine Kearse,WR,SEA,1,1,100.0,17,17.00,0,0,1
2014,78,2273,Shane Lechler,P,HOU,1,1,100.0,10,10.00,0,0,1
2014,78,9635,Kellen Clemens,QB,SD,1,3,33.3,10,3.33,0,0,5
2014,78,10453,Ted Ginn,WR,ARI,1,1,100.0,10,10.00,0,0,1
2014,81,10648,Jordan Palmer,QB,CHI/TEN/HOU,1,3,33.3,7,2.33,0,0,7
2014,82,8513,Dustin Colquitt,P,KC,1,1,100.0,6,6.00,0,0,0
2014,83,12497,Arian Foster,RB,HOU,1,1,100.0,5,5.00,1,0,0
2014,84,4512,Anquan Boldin,WR,SF,0,1,0.0,0,0.00,0,0,0
2014,84,5713,Andy Lee,P,SF,0,1,0.0,0,0.00,0,0,0
2014,84,9650,Tarvaris Jackson,QB,SEA,1,1,100.0,0,0.00,0,0,0
2014,84,10195,Fred Jackson,RB,BUF,0,1,0.0,0,0.00,0,0,0
2014,84,10481,Eric Weddle,FS,SD,0,1,0.0,0,0.00,0,0,0
2014,84,11238,Darren McFadden,RB,OAK,0,1,0.0,0,0.00,0,0,0
2014,84,11439,Pierre Garcon,WR,WSH,0,1,0.0,0,0.00,0,0,0
2014,84,12601,Mike Wallace,WR,MIA,0,1,0.0,0,0.00,0,0,0
2014,84,12689,Pat McAfee,P,IND,0,1,0.0,0,0.00,0,0,0
2014,84,14151,Jeremy Kerley,WR,NYJ,0,1,0.0,0,0.00,0,0,0
2014,84,15501,Bobby Rainey,RB,TB,0,1,0.0,0,0.00,0,0,0
2014,84,15705,Josh Gordon,WR,CLE,0,1,0.0,0,0.00,0,0,0
2014,84,15948,Matt Barkley,QB,PHI,0,1,0.0,0,0.00,0,0,0
2014,84,15951,Denard Robinson,RB,JAX,0,1,0.0,0,0.00,0,0,0
2014,84,16241,Brad Wing,P,PIT,0,1,0.0,0,0.00,0,1,0
2014,84,16733,Odell Beckham Jr.,WR,NYG,0,1,0.0,0,0.00,0,0,0
2014,84,16956,Marion Grice,RB,ARI/SD,0,1,0.0,0,0.00,0,0,0
